assembly_run_ids,study_id,Euryarchaeota,Actinobacteria,Bacteroidetes,Chloroflexi,Elusimicrobia,Firmicutes,Fusobacteria,Nitrospirae,Planctomycetes,Proteobacteria,Spirochaetes,Tenericutes,Verrucomicrobia,Ascomycota,Basidiomycota,Arthropoda,Chordata,Mollusca,Nematoda,Rotifera,Cercozoa,Ciliophora,Euglenozoa,Heterolobosea,Tubulinea,Streptophyta,Crenarchaeota,Nanoarchaeota,Thaumarchaeota,Acidobacteria,Aquificae,Armatimonadetes,Balneolaeota,Caldiserica,Calditrichaeota,Chlamydiae,Chlorobi,Chrysiogenetes,Cyanobacteria,Deferribacteres,Fibrobacteres,Gemmatimonadetes,Ignavibacteriae,Kiritimatiellaeota,Lentisphaerae,Nitrospinae,Rhodothermaeota,Synergistetes,Thermodesulfobacteria,Thermotogae,Annelida,Apicomplexa,Bacillariophyta,Blastocladiomycota,Brachiopoda,Bryozoa,Chlorophyta,Chromerida,Chytridiomycota,Cnidaria,Colponemidia,Cryptomycota,Echinodermata,Entoprocta,Entorrhizomycota,Euglenida,Eustigmatophyceae,Gastrotricha,Gnathostomulida,Haplosporidia,Hemichordata,Microsporidia,Mucoromycota,Phaeophyceae,Picozoa,Pinguiophyceae,Placozoa,Platyhelminthes,Porifera,Priapulida,Tardigrada,Xanthophyceae,Xenacoelomorpha,Zoopagomycota,Parvarchaeota,Caldithrix
ERZ1505396,MGYS00005614,1,16,8,0,0,30,0,0,1,26,0,1,1,3,2,0,0,1,6,0,0,0,0,0,0,0,0,0,0,0,0,0,0,0,0,0,0,0,0,0,0,0,0,0,0,0,0,0,0,0,0,0,0,0,0,0,0,0,0,0,0,0,0,0,0,0,0,0,0,0,0,0,0,0,0,0,0,0,0,0,0,0,0,0,0,0
ERZ1505397,MGYS00005614,1,12,10,0,1,28,2,0,0,26,0,2,1,3,0,0,0,0,10,0,0,0,0,0,0,0,0,0,0,0,0,0,0,0,0,0,0,0,0,0,0,0,0,0,0,0,0,0,0,0,0,0,0,0,0,0,0,0,0,0,0,0,0,0,0,0,0,0,0,0,0,0,0,0,0,0,0,0,0,0,0,0,0,0,0,0
ERZ1505398,MGYS00005614,1,18,30,0,0,51,0,0,0,36,0,1,1,0,0,2,0,1,2,0,0,0,0,0,0,0,0,0,0,0,0,0,0,0,0,0,0,0,0,0,0,0,0,0,0,0,0,0,0,0,0,0,0,0,0,0,0,0,0,0,0,0,0,0,0,0,0,0,0,0,0,0,0,0,0,0,0,0,0,0,0,0,0,0,0,0
ERZ1505399,MGYS00005614,1,13,10,0,0,36,1,0,0,32,0,2,1,1,0,2,1,0,5,1,0,3,1,2,0,1,0,0,0,0,0,0,0,0,0,0,0,0,0,0,0,0,0,0,0,0,0,0,0,0,0,0,0,0,0,0,0,0,0,0,0,0,0,0,0,0,0,0,0,0,0,0,0,0,0,0,0,0,0,0,0,0,0,0,0,0
ERZ1505401,MGYS00005614,0,12,29,0,0,56,0,0,1,47,0,2,3,2,0,6,0,1,11,0,0,3,0,1,1,4,0,0,0,0,0,0,0,0,0,0,0,0,0,0,0,0,0,0,0,0,0,0,0,0,0,0,0,0,0,0,0,0,0,0,0,0,0,0,0,0,0,0,0,0,0,0,0,0,0,0,0,0,0,0,0,0,0,0,0,0
ERZ1505400,MGYS00005614,1,11,5,1,0,56,0,0,0,34,0,3,2,1,3,2,0,1,12,0,1,0,0,0,0,1,0,0,0,0,0,0,0,0,0,0,0,0,0,0,0,0,0,0,0,0,0,0,0,0,0,0,0,0,0,0,0,0,0,0,0,0,0,0,0,0,0,0,0,0,0,0,0,0,0,0,0,0,0,0,0,0,0,0,0,0
ERZ1505402,MGYS00005614,0,20,24,1,0,79,2,1,1,56,1,7,1,1,0,6,0,1,8,0,2,2,1,0,0,0,0,0,0,0,0,0,0,0,0,0,0,0,0,0,0,0,0,0,0,0,0,0,0,0,0,0,0,0,0,0,0,0,0,0,0,0,0,0,0,0,0,0,0,0,0,0,0,0,0,0,0,0,0,0,0,0,0,0,0,0
ERZ1505403,MGYS00005614,1,11,19,0,0,69,0,0,1,39,0,2,2,3,0,0,0,1,8,0,1,0,0,0,0,0,0,0,0,0,0,0,0,0,0,0,0,0,0,0,0,0,0,0,0,0,0,0,0,0,0,0,0,0,0,0,0,0,0,0,0,0,0,0,0,0,0,0,0,0,0,0,0,0,0,0,0,0,0,0,0,0,0,0,0,0
ERR2683114,MGYS00003139,544,6851,2007,177,7,18916,96,0,114,30105,52,160,509,66,15,486,6,3,182,49,0,0,0,0,0,175,0,0,3,48,0,4,0,0,2,44,0,0,17,0,17,4,23,31,0,0,0,729,0,0,3,8,2,0,0,0,38,0,0,0,0,13,0,0,0,1,0,0,0,0,0,0,1,0,0,0,0,2,0,0,0,0,0,1,0,0
ERR2683115,MGYS00003139,45,1842,1868,64,1,1154,207,1,135,17586,25,22,528,25,7,3955,1,0,170,92,0,0,0,0,0,230,0,1,0,74,0,4,0,16,0,29,0,0,84,3,3,46,32,14,1,0,0,37,0,0,2,4,59,0,0,0,539,0,11,0,0,7,0,0,0,6,34,31,0,0,0,7,2,1,0,0,0,2,0,0,0,3,0,0,0,0
ERR2683118,MGYS00003139,1481,3175,7038,228,22,32392,5044,15,36,25010,172,603,614,401,170,5981,19,0,494,36,0,0,0,0,0,279,0,0,4,128,0,5,0,15,1,31,2,0,96,3,34,31,8,53,23,0,0,280,2,0,1,5,0,0,0,0,11,0,1,5,0,7,0,0,0,0,0,0,0,0,0,2,4,0,0,0,0,31,0,0,0,0,0,0,0,0
ERR2683121,MGYS00003139,1589,952,3273,2416,35,6853,46,5,332,3043,226,551,460,22,2,28,8,0,37,2,0,0,0,0,0,43,47,0,1,561,0,516,1,303,17,239,19,0,95,3,12,5,445,798,31,2,0,283,1,3,0,6,1,1,0,0,1,0,0,0,0,2,0,0,0,0,0,0,0,0,0,0,0,0,0,0,0,0,0,0,0,0,0,0,0,0
ERR2683124,MGYS00003139,324,874,12759,1470,73,9729,95,42,259,6679,558,1051,855,27,2,155,0,0,52,11,0,0,0,0,0,15,6,0,1,331,0,51,0,258,18,791,1,0,160,1,21,12,135,2183,198,3,0,1889,0,10,0,2,0,0,0,0,1,0,0,0,6,1,0,0,0,8,0,0,0,0,0,0,2,0,0,0,0,1,0,0,0,0,0,1,0,0
ERR2683128,MGYS00003139,346,3657,18126,357,34,18226,86,3,49,23418,250,1733,357,26,11,825,22,0,81,12,0,0,0,0,0,110,0,0,2,124,0,9,0,10,0,21,21,0,142,2,67,7,41,76,10,0,2,104,0,13,20,9,15,0,0,0,1,0,6,0,0,3,1,0,0,3,0,1,0,0,0,13,4,1,0,0,0,29,0,0,0,0,3,8,0,0
ERR2683129,MGYS00003139,304,6477,9120,192,22,36822,78,2,13,9659,147,2081,283,21,15,19,52,0,66,0,0,0,0,0,0,39,1,0,0,79,0,8,0,5,0,11,9,0,92,0,42,3,5,32,42,0,0,46,0,4,1,2,0,0,0,0,7,0,0,0,0,0,0,0,0,1,0,0,0,0,0,0,0,0,0,0,0,7,0,0,0,0,0,0,0,0
ERR2683133,MGYS00003139,626,9775,3779,173,5,28013,291,5,84,10340,85,275,549,133,31,347,12,0,1006,17,0,0,0,0,0,59,0,0,7,72,0,3,0,0,0,49,1,0,34,0,28,17,5,19,3,0,0,344,0,0,2,6,2,1,0,0,12,0,2,0,0,33,0,0,0,2,2,0,0,0,0,2,3,0,0,0,0,1,0,0,0,0,1,1,0,0
ERR2683136,MGYS00003139,157,1753,4683,717,2,9350,1170,6,148,11462,50,190,449,87,4,8,8,0,137,21,0,0,0,0,0,12,1,0,0,210,0,36,0,9,0,18,2,0,27,0,15,48,110,118,6,0,0,200,0,9,1,0,0,0,0,0,6,0,0,0,0,21,0,0,0,1,1,0,0,0,0,0,0,0,0,0,0,2,0,0,0,0,0,0,0,0
ERR2683137,MGYS00003139,431,2987,3644,516,3,21919,3278,3,48,21141,44,443,425,1194,5,76,11,0,1958,20,0,0,0,0,0,111,1,0,0,60,0,39,0,5,0,71,0,0,29,0,16,13,14,62,6,0,0,377,0,5,5,1,1,0,0,0,13,0,3,3,0,23,0,0,0,1,0,2,0,0,0,0,0,1,0,0,0,1,0,0,2,0,0,0,0,0
ERR2683138,MGYS00003139,411,3461,4393,188,2,43786,3090,11,58,24236,33,866,910,49,7,89,570,0,1371,9,0,0,0,0,0,98,1,0,0,49,0,33,0,1,0,53,0,0,20,2,20,10,14,136,21,0,0,1051,0,5,1,1,0,0,0,0,1,0,3,0,0,10,0,0,0,1,0,2,0,0,0,1,8,0,0,0,0,0,0,0,0,0,0,0,0,0
ERR2683140,MGYS00003139,130,1570,7713,821,19,20000,114,36,122,23231,356,323,801,13,0,8,0,0,41,15,0,0,0,0,0,8,0,0,0,451,0,36,1,36,0,173,0,0,215,10,13,8,88,408,50,4,0,2475,0,7,0,0,37,0,0,0,20,0,5,0,0,7,0,0,0,1,2,0,0,0,0,0,0,0,0,0,0,1,0,0,0,0,0,0,0,0
ERR2683141,MGYS00003139,63,1075,7479,60,44,22843,855,5,115,58913,90,109,456,41,234,25,19,0,156,218,0,0,0,0,0,471,0,0,0,73,0,79,0,3,2,9,0,0,21,0,33,7,16,32,19,0,0,72,0,0,0,1,0,2,0,0,2,0,2,0,0,3,0,0,0,59,0,2,0,0,0,0,1,3,0,0,0,0,0,0,0,0,0,0,0,0
ERR2683143,MGYS00003139,259,5243,2249,52,2,26992,4920,1,26,49329,13,428,380,155,24,39,4,0,385,4,0,0,0,0,0,30,0,0,0,32,0,2,0,3,1,20,0,0,19,0,11,61,7,16,1,0,0,521,0,7,0,4,0,0,0,0,9,0,0,0,0,22,0,0,0,0,0,0,0,0,0,0,1,0,0,0,0,3,0,0,0,0,0,0,0,0
ERR2683144,MGYS00003139,387,1757,6148,84,7,22921,1932,4,36,30712,25,218,361,249,12,36,11,1,977,35,0,0,0,0,0,144,0,0,0,46,0,14,0,2,0,17,0,0,13,0,24,13,6,24,4,1,0,200,0,2,1,1,0,0,0,0,4,0,1,0,0,7,0,0,0,2,0,0,0,0,0,0,0,3,0,0,0,0,0,0,0,0,0,0,0,0
ERR2683145,MGYS00003139,139,2248,7095,117,11,20845,331,6,28,29961,159,100,358,39,22,94,18,1,117,40,0,0,0,0,0,39,1,0,0,183,0,9,0,16,0,40,1,0,14,0,22,8,18,52,19,0,0,486,0,1,3,0,0,0,0,0,4,0,3,0,0,6,0,0,0,0,0,0,0,0,0,0,3,0,0,0,0,0,0,0,0,0,0,2,0,0
ERR2683146,MGYS00003139,96,1329,20505,509,27,4349,328,36,360,39995,140,67,1612,26,11,54,7,1,1066,683,0,0,0,0,0,25,0,0,0,191,0,12,0,3,0,98,2,0,141,0,89,111,423,81,15,0,0,123,0,15,1,4,0,0,0,0,6,0,9,1,0,223,0,0,0,3,0,9,0,0,0,0,1,1,0,0,0,0,0,0,8,0,1,38,0,0
ERR2683147,MGYS00003139,208,3732,5361,427,3,22626,3684,0,74,21621,89,175,405,587,29,207,25,2,732,95,0,0,0,0,0,85,1,0,0,120,0,12,0,19,4,66,5,0,19,0,16,97,40,202,6,0,2,203,0,8,4,0,1,0,0,0,26,0,7,2,0,8,0,0,0,10,2,2,0,0,0,1,2,4,0,0,0,2,0,0,12,0,0,2,0,0
ERR2683160,MGYS00003139,828,2814,2936,675,2,28627,537,5,74,20674,78,353,935,180,6,864,29,0,298,10,0,0,0,0,0,260,1,0,0,65,0,19,0,9,7,47,1,0,72,11,22,44,16,56,3,0,0,549,0,1,3,1,0,0,0,0,4,0,1,0,0,10,1,0,0,2,0,0,0,0,0,0,0,1,0,0,0,10,0,0,0,0,0,2,0,0
ERR2683170,MGYS00003139,34,789,4979,287,0,2394,187,42,2,112293,23,15,30,107,1,56,3,0,15,2,0,0,0,0,0,7,0,0,0,175,0,13,0,17,1,6,0,0,2,0,0,6,4,18,1,0,0,68,2,0,0,0,1,0,0,0,6,0,0,0,0,0,0,0,0,1,0,0,0,0,0,0,2,0,0,0,0,1,0,0,0,0,0,5,0,0
ERR2683172,MGYS00003139,214,6678,5214,109,5,59645,287,2,23,21932,57,378,289,84,2,37,3,0,115,11,0,0,0,0,0,25,0,0,0,49,0,9,0,8,1,12,0,0,30,0,19,12,27,36,6,0,0,147,0,2,1,0,0,0,0,0,3,0,0,0,0,2,0,0,0,2,0,0,0,0,0,0,0,0,0,0,0,0,0,0,0,0,0,0,0,0
ERR2683173,MGYS00003139,790,4970,8670,96,6,41028,1859,9,46,14488,89,882,572,151,4,298,16,3,3291,99,0,0,0,0,0,184,0,0,0,26,0,10,0,1,0,25,2,0,62,0,50,54,11,37,17,0,0,251,0,0,224,5,9,1,0,0,10,0,12,0,0,15,0,0,0,2,1,1,0,0,0,5,2,0,0,0,0,2,0,0,0,0,0,1,0,0
ERR2683174,MGYS00003139,1560,4097,6287,904,8,31158,521,33,37,11978,157,368,483,371,12,28,19,0,274,9,0,0,0,0,0,210,1,0,0,95,0,21,0,10,1,30,0,0,24,0,24,68,17,356,9,0,0,666,0,6,5,1,0,2,0,0,10,0,4,0,0,15,0,0,0,0,0,1,0,0,0,0,2,0,0,0,0,0,0,0,0,0,0,0,0,0
ERR2683177,MGYS00003139,137,1247,5242,23,7,13833,1168,16,9,17947,56,181,301,75,5,47,31,0,676,64,0,0,0,0,0,34,0,0,0,18,0,0,0,0,0,15,0,0,38,0,33,5,12,22,12,0,0,95,0,0,1,0,0,0,0,0,3,0,0,0,0,2,0,0,0,4,0,0,0,0,0,1,1,0,0,0,0,0,0,0,1,0,0,0,0,0
ERR2683179,MGYS00003139,107,1798,2495,91,5,20427,419,37,17,80748,65,151,81,48,2,27,5,0,33,1,0,0,0,0,0,60,0,0,0,37,0,4,0,4,0,53,0,0,51,3,14,11,27,39,7,0,0,67,0,2,0,0,0,0,0,0,29,0,1,0,0,1,1,0,0,6,0,0,0,0,0,0,0,0,0,0,0,0,0,0,0,0,0,3,0,0
ERR2683186,MGYS00003139,504,5069,5274,318,6,25440,327,4,38,12852,200,333,281,183,50,61,64,1,211,72,0,0,0,0,0,995,1,0,0,210,0,15,0,19,4,46,2,0,18,0,45,25,14,76,13,0,0,172,0,0,24,10,3,2,1,0,26,0,0,3,0,10,0,0,0,0,0,0,0,0,0,0,3,3,0,0,0,8,0,0,0,0,0,3,0,0
ERR2683188,MGYS00003139,467,1484,5323,391,2,11526,172,3,116,40453,65,58,239,20,4,3011,141,0,214,19,0,0,0,0,0,33,1,0,2,375,0,24,0,172,1,329,0,0,60,3,7,8,50,52,1,0,0,447,0,5,0,4,0,1,0,0,15,0,1,0,0,22,0,0,0,3,0,0,0,0,0,0,1,0,0,0,0,1,0,0,0,0,0,326,0,0
ERR2683189,MGYS00003139,209,1866,4027,119,4,14385,3861,11,55,26356,48,108,342,545,22,84,16,1,365,8,0,0,0,0,0,386,0,0,1,89,0,18,0,16,2,19,0,0,22,0,22,9,25,35,6,0,0,284,0,1,6,4,1,0,0,0,12,0,3,0,0,20,0,0,0,1,0,0,0,0,0,0,2,0,0,0,0,2,0,0,1,0,0,4,0,0
ERR2683191,MGYS00003139,270,7466,4582,130,11,29415,807,7,43,34133,76,166,435,69,63,37,30,1,86,93,0,0,0,0,0,48,2,0,8,109,0,6,0,9,0,64,0,0,53,4,22,5,60,51,6,0,0,459,0,2,17,1,5,4,0,0,11,0,1,0,0,14,0,0,0,2,2,0,0,0,0,2,2,0,0,0,0,2,0,0,0,0,0,1,0,0
ERR2683192,MGYS00003139,149,1710,8811,4018,64,17573,610,191,378,15853,174,275,633,37,7,62,36,0,115,10,0,0,0,0,0,59,0,2,2,602,0,38,0,22,28,20,10,0,81,0,343,35,251,99,32,0,0,170,0,13,1,1,1,2,0,0,2,0,4,0,0,9,0,0,0,26,0,0,0,0,0,0,0,0,0,0,0,0,0,0,0,0,0,1,0,0
ERR2683193,MGYS00003139,139,1662,4919,252,9,7919,260,11,57,69288,163,65,281,31,19,57,105,0,151,27,0,0,0,0,0,36,0,0,0,157,0,31,0,35,0,60,1,0,27,3,45,6,40,99,17,0,0,100,0,3,5,1,0,2,0,0,4,0,0,0,0,2,0,0,0,0,0,1,0,0,0,0,0,0,0,0,0,0,0,0,0,0,0,7,0,0
ERR2683194,MGYS00003139,38,531,2042,26,5,3496,150,2,7,65198,20,37,44,23,4,30,411,0,82,13,0,0,0,0,0,40,0,0,0,28,0,4,0,3,0,17,0,0,6,0,1,6,7,8,0,1,0,55,0,0,0,0,0,0,0,0,2,0,1,0,0,4,0,0,0,0,0,0,0,0,0,0,4,2,0,0,0,0,0,0,0,0,0,4,0,0
ERR2683195,MGYS00003139,164,4553,2697,541,1,15566,267,12,59,53956,79,108,766,20,6,48,2,0,113,12,0,0,0,0,0,47,1,0,0,427,0,26,0,82,3,102,1,0,88,1,10,6,54,149,7,0,3,488,0,0,2,0,1,0,0,0,4,0,1,0,0,20,0,0,0,1,0,1,0,0,0,0,0,0,0,0,0,0,0,0,0,0,0,0,0,0
ERR2683196,MGYS00003139,143,3684,10592,139,4,16309,5741,5,54,43323,39,87,475,126,8,93,7,0,203,15,0,0,0,0,0,53,2,0,0,161,0,9,0,5,0,40,2,0,17,0,11,13,38,131,4,0,0,389,0,5,2,0,0,1,0,0,13,0,1,0,1,17,0,0,0,2,0,0,0,0,0,0,0,0,0,0,0,0,0,0,14,0,0,0,0,0
ERR2683199,MGYS00003139,216,1364,5773,445,13,8274,592,16,100,13298,165,239,496,13,2,7,5,0,87,9,0,0,0,0,0,44,0,0,0,847,0,55,0,10,1,8,0,0,56,1,220,24,153,52,6,0,0,173,0,1,5,0,0,0,0,0,6,0,1,0,0,10,0,0,0,0,0,0,0,0,0,0,2,0,0,0,0,1,0,1,0,0,0,0,0,0
ERR2683200,MGYS00003139,50,670,23172,69,23,17405,2195,42,14,86374,180,166,303,18,0,10,4,0,19,3,0,0,0,0,0,5,0,0,0,75,0,3,1,0,0,8,8,0,61,3,296,0,28,50,45,0,0,111,0,0,0,2,0,0,0,0,0,0,1,0,0,1,0,0,0,1,0,1,0,0,0,0,0,0,0,0,0,0,0,0,1,0,0,1,0,0
ERR2683203,MGYS00003139,157,2655,4235,137,6,38429,3079,5,29,43981,25,446,315,75,14,44,9,0,803,9,0,0,0,0,0,34,1,0,0,78,0,1,0,6,0,13,5,0,12,1,23,147,6,57,5,0,0,341,0,0,1,0,0,0,0,0,11,0,0,0,0,8,0,0,0,2,0,0,0,0,0,0,0,0,0,0,0,0,0,0,4,0,0,0,0,0
ERR2683204,MGYS00003139,24,148,663,33,0,4609,379,1,6,92456,8,12,26,11,1,6,0,0,26,4,0,0,0,0,0,11,0,0,0,14,0,0,0,1,0,9,0,0,6,0,3,0,10,15,2,0,0,377,0,0,0,0,0,0,0,0,1,0,0,0,0,1,0,0,0,0,0,0,0,0,0,0,0,0,0,0,0,0,0,0,0,0,0,0,0,0
ERR2683205,MGYS00003139,27,110,526,31,3,4643,114,0,5,88170,8,6,22,6,0,18,2,0,17,0,0,0,0,0,0,8,0,0,0,12,0,0,0,1,0,5,0,0,4,0,7,1,2,14,4,0,0,205,0,0,0,0,0,0,0,0,0,0,0,0,0,2,0,0,0,0,1,0,0,0,0,0,0,0,0,0,0,0,0,0,0,0,0,1,0,0
ERR2683208,MGYS00003139,17,107,617,32,1,4390,117,2,11,63306,3,12,50,7,0,3,1,0,35,2,0,0,0,0,0,4,0,0,0,17,0,2,0,0,0,7,0,0,9,1,2,0,4,39,1,0,0,665,0,0,0,0,0,0,0,0,0,0,0,0,0,3,0,0,0,0,0,0,0,0,0,0,0,0,0,0,0,0,0,0,0,0,0,0,0,0
ERR2683211,MGYS00003139,3868,1058,8793,1457,15,19715,94,11,185,4417,517,460,1239,10,4,34,4,0,39,13,0,0,0,0,0,40,32,0,0,240,0,127,0,51,4,87,1,0,41,4,49,6,165,759,37,0,0,2872,0,241,0,0,0,0,0,0,0,0,0,0,0,2,0,0,0,0,0,0,0,0,0,0,0,0,0,0,0,0,0,0,0,0,0,0,0,0
ERR2683213,MGYS00003139,155,2792,3075,122,2,21261,3747,5,37,15330,11,374,534,135,1,24,8,6,183,3,0,0,0,0,0,14,0,0,0,48,0,22,0,2,0,22,0,0,7,0,15,12,22,14,2,0,0,289,0,1,0,0,0,0,0,0,1,0,2,0,0,4,0,0,0,0,0,3,0,0,0,1,0,0,0,0,0,1,0,0,3,0,0,0,0,0
ERR2683214,MGYS00003139,188,3002,9342,645,15,27131,960,2,74,44363,46,165,845,24,2,29,3,0,85,5,0,0,0,0,0,16,0,0,0,91,0,78,0,3,0,45,4,0,25,0,22,40,50,160,4,0,0,3280,0,0,0,0,0,0,0,0,2,0,6,0,0,10,0,0,0,25,0,0,0,0,0,0,0,0,0,0,0,0,0,0,0,0,0,0,0,0
ERR2683215,MGYS00003139,36,892,1337,47,0,3250,383,0,4,78968,12,42,58,3,1,25,4,0,34,2,0,0,0,0,0,6,1,0,0,16,3,4,0,2,0,17,0,0,6,0,3,3,245,8,3,0,0,152,0,1,0,0,0,0,0,0,5,0,0,0,0,5,0,0,0,2,0,0,0,0,0,0,0,0,0,0,0,0,0,0,0,0,0,0,0,0
ERR2683218,MGYS00003139,143,1926,6838,72,1,12959,2303,8,39,24661,16,216,383,112,8,69,2,0,914,62,0,0,0,0,0,11,0,0,0,47,0,21,0,0,0,16,1,2,9,0,12,23,20,27,5,0,0,77,0,0,0,0,0,0,0,0,4,0,1,0,0,15,0,0,0,1,0,0,0,0,0,0,0,0,0,0,0,1,0,0,9,0,0,2,0,0
ERR2683219,MGYS00003139,837,2492,5082,436,11,25850,2016,4,125,24803,105,355,685,75,6,82,7,0,971,231,0,0,0,0,0,55,3,0,0,89,0,26,1,12,2,77,0,0,30,1,24,53,33,202,24,0,0,814,0,454,1,2,1,0,0,0,2,0,1,1,0,51,0,0,0,4,0,0,0,0,0,0,0,1,0,0,0,2,0,0,2,0,0,1,0,0
ERR2683220,MGYS00003139,597,7063,5812,160,1,56126,3796,6,47,21131,55,1193,1737,249,9,59,15,0,1178,29,0,0,0,0,0,72,0,0,0,76,0,16,1,8,1,32,0,0,20,1,16,72,26,70,7,1,0,198,0,10,1,4,0,1,0,0,12,0,0,0,0,33,0,0,0,0,0,0,0,0,0,0,3,0,0,0,0,1,0,0,0,0,0,1,0,0
ERR2683221,MGYS00003139,593,2112,6169,94,22,16233,1427,3,66,23989,195,142,426,213,76,206,9,2,1238,29,0,0,0,0,0,62,0,0,0,148,0,7,0,19,0,25,0,0,46,0,119,11,32,41,24,1,0,105,0,0,9,4,0,2,0,0,16,0,0,0,0,10,0,0,0,3,0,0,0,0,0,1,1,1,0,0,0,3,0,0,2,0,0,0,0,0
ERR2683222,MGYS00003139,265,2375,5304,146,2,15741,2116,18,33,33812,38,130,330,137,5,76,4,0,559,56,0,0,0,0,0,37,0,0,2,59,0,6,1,1,0,15,0,0,160,0,7,28,24,31,3,0,0,127,0,0,35,0,1,3,0,0,6,0,3,0,0,9,0,0,0,2,0,0,0,0,0,0,0,0,0,0,0,1,0,0,0,0,0,0,0,0
ERR2683223,MGYS00003139,174,2198,4322,149,6,21412,1501,2,62,31364,49,94,315,116,4,18,3,0,198,20,0,0,0,0,0,24,0,0,0,106,0,44,0,4,1,20,1,0,15,1,31,9,34,58,5,0,0,291,0,0,3,0,1,1,0,0,13,0,0,0,0,9,0,0,0,5,0,1,0,0,0,0,0,0,0,0,0,0,0,0,1,0,0,1,0,0
ERR2683225,MGYS00003139,116,863,6889,139,1,10663,2521,8,28,30704,42,94,209,170,4,145,2,0,1135,34,0,0,0,0,0,38,0,0,0,82,0,3,0,14,0,58,5,0,5,0,10,25,5,39,6,0,0,218,0,6,4,0,0,0,0,0,2,0,2,0,0,203,0,0,0,2,0,0,0,0,0,0,0,0,0,0,0,2,0,0,0,0,0,0,0,0
ERR2683227,MGYS00003139,1231,5948,3968,588,42,36842,1309,5,113,15478,423,805,2492,97,10,269,2160,9,574,8,0,0,0,0,0,125,5,0,4,458,0,22,0,1,0,122,5,0,92,3,74,6,13,880,46,0,0,2969,0,5,0,9,0,0,0,0,46,0,0,0,0,36,4,0,0,2,1,0,0,0,0,0,2,0,0,0,0,19,0,0,0,0,0,2,0,0
ERR2683228,MGYS00003139,363,2171,3164,71,6,27077,3786,11,20,20175,33,276,465,145,2,139,14,0,494,37,0,0,0,0,0,76,1,0,0,39,0,5,0,6,0,12,2,0,14,1,25,55,12,33,3,0,0,353,0,0,2,1,0,0,0,0,1,0,0,0,0,16,0,0,0,4,0,0,0,0,0,1,1,1,0,0,0,0,0,0,0,0,0,1,0,0
ERR2683231,MGYS00003139,328,2038,5375,153,2,20312,3508,1,37,22675,38,156,318,285,4,45,4,0,185,8,0,0,0,0,0,242,0,0,0,56,0,12,0,4,0,13,2,0,8,0,34,19,26,40,21,0,0,408,0,0,0,0,0,0,0,0,1,0,1,3,0,7,0,0,0,0,0,0,0,0,0,0,1,0,0,0,0,0,0,0,0,0,0,1,0,0
ERR2683232,MGYS00003139,115,1423,9008,153,3,10851,1262,6,68,23269,86,173,269,150,7,68,5,0,516,18,0,0,0,0,0,13,0,0,0,98,0,20,0,1,0,37,2,0,11,1,94,30,33,46,14,0,0,158,0,0,0,0,1,1,0,0,5,0,6,0,0,101,0,0,0,0,2,0,0,0,0,1,0,0,0,0,1,1,0,0,0,1,0,3,0,0
ERR2683233,MGYS00003139,186,2047,4371,177,7,17852,3001,3,41,35018,40,163,391,196,4,7,4,1,123,8,0,0,0,0,0,24,2,0,0,87,0,13,0,8,0,37,0,0,8,1,10,14,31,22,14,0,0,278,0,0,0,2,0,0,0,0,1,0,2,1,0,21,0,0,0,3,0,0,0,0,0,1,2,0,0,0,0,0,0,0,0,0,0,1,0,0
ERR2683238,MGYS00003139,1126,8379,6175,409,41,51731,581,8,107,26815,176,1077,1673,117,22,350,17,0,633,18,0,0,0,0,0,427,0,0,4,185,0,10,0,11,0,44,4,0,137,1,39,46,7,241,52,0,0,407,0,0,3,12,2,0,0,0,36,0,0,0,0,10,0,0,0,1,0,3,0,0,0,0,5,0,0,0,0,73,0,0,0,0,0,1,0,0
ERR2683241,MGYS00003139,80,821,1928,100,1,8166,376,1,23,159708,18,44,290,28,3,35,23,0,325,12,0,0,0,0,0,21,0,0,0,53,0,2,0,3,1,20,1,0,23,2,10,5,1,28,0,0,0,283,0,7,0,1,0,0,0,0,7,0,0,0,0,6,0,0,0,0,0,0,0,0,0,0,0,0,0,0,0,2,0,0,0,0,0,2,0,0
ERR2683244,MGYS00003139,169,1443,8267,151,5,15315,2057,17,104,33070,36,185,339,93,4,228,8,1,418,36,0,0,0,0,0,52,0,0,0,63,0,44,0,5,1,20,1,0,19,2,15,34,18,42,1,0,2,265,0,3,4,0,0,0,0,0,7,0,2,0,0,11,0,0,0,2,3,2,0,0,0,0,1,0,0,0,0,1,0,0,0,0,0,3,0,0
ERR2683245,MGYS00003139,182,2089,6649,776,38,16550,883,50,657,29409,134,120,711,52,1,11,27,2,348,222,0,0,0,0,0,40,0,0,0,626,0,114,0,12,4,230,22,0,41,3,76,49,317,165,10,0,1,413,0,0,5,0,0,0,0,0,18,0,12,2,0,57,0,0,0,0,1,11,0,0,0,0,0,0,0,0,0,5,0,0,14,0,0,0,0,0
ERR2683246,MGYS00003139,552,970,37078,735,79,22993,2371,20,84,18280,848,2528,446,21,2,6,0,0,52,2,0,0,0,0,0,1,2,2,2,306,0,14,0,42,0,49,2,2,99,1,50,46,147,369,144,0,0,421,0,36,0,0,0,0,0,0,24,0,1,0,0,13,0,0,0,3,0,0,0,0,0,0,0,0,0,0,0,0,0,0,2,0,0,0,0,0
ERR2683249,MGYS00003139,171,1067,5385,172,3,24774,2493,9,30,28572,40,104,329,240,4,21,5,0,313,5,0,0,0,0,0,63,0,0,0,63,0,8,0,1,0,27,33,0,12,0,15,70,11,63,4,0,0,327,0,0,0,0,0,0,0,0,4,0,0,0,0,8,0,0,0,4,0,0,0,0,0,0,0,2,0,0,0,0,0,0,0,0,1,0,0,0
ERR2683251,MGYS00003139,433,2620,8522,267,2,42867,2740,6,56,27854,110,608,661,207,9,81,5,0,588,34,0,0,0,0,0,159,0,0,0,63,1,23,0,3,0,39,0,0,34,0,20,48,14,122,8,0,0,642,0,1,1,0,0,0,0,0,4,0,0,0,0,9,0,0,0,1,0,0,0,0,0,1,2,2,0,0,0,0,0,0,0,0,0,0,0,0
ERR2683252,MGYS00003139,182,1536,5303,242,10,24559,1213,9,33,17385,154,506,662,62,1,31,4,0,620,5,0,0,0,0,0,52,1,0,0,75,0,9,0,0,0,27,0,0,60,0,74,8,26,100,19,0,0,562,0,1,1,3,0,0,0,0,3,0,0,0,0,6,0,0,0,2,0,0,0,0,0,0,1,0,0,0,0,1,0,0,1,0,0,0,0,0
ERR2683254,MGYS00003139,108,2996,7933,116,0,13387,1008,3,40,46338,22,78,168,474,30,216,20,0,909,26,0,0,0,0,0,48,0,0,1,92,0,8,0,3,0,20,2,0,15,0,8,54,12,52,2,0,0,141,0,0,1,2,1,0,0,0,17,0,1,0,0,5,0,0,0,2,1,0,0,0,0,1,0,0,0,0,0,0,0,0,1,0,0,2,0,0
ERR2683255,MGYS00003139,599,2519,2747,381,3,32520,4379,4,154,68401,53,185,608,145,7,437,66,0,1364,127,0,0,0,0,0,69,1,0,0,185,0,18,0,23,2,43,1,0,32,2,8,74,24,145,2,1,0,1957,0,0,0,0,2,0,0,0,27,0,0,0,0,12,0,0,0,11,0,0,0,0,0,2,1,3,0,0,0,1,0,0,0,0,0,0,0,0
ERR2683257,MGYS00003139,270,4396,3402,206,12,8138,145,7,60,58043,228,108,1392,17,1,23,3,0,46,9,0,0,0,0,0,21,0,0,0,209,0,37,0,33,1,88,1,0,38,0,26,20,97,1285,53,1,0,301,0,0,0,2,0,4,0,0,2601,0,91,0,0,1,0,0,0,8,0,0,0,0,0,0,2,0,0,0,0,6,0,0,0,0,0,1,0,0
ERR2683259,MGYS00003139,190,4559,3169,271,3,24157,1124,1,141,43288,20,199,854,112,7,36,8,0,141,20,0,0,0,0,0,26,0,0,0,63,0,15,0,14,0,34,0,0,108,0,10,41,21,45,3,0,0,589,0,0,0,1,1,0,0,0,52,0,3,0,0,200,0,0,0,1,45,0,0,0,0,0,0,1,0,0,0,1,0,0,0,5,0,0,0,0
ERR2683261,MGYS00003139,265,1190,4849,126,19,24438,1347,3,62,43200,84,334,466,19,5,18,4,0,103,11,0,0,0,0,0,15,1,0,0,62,0,12,0,18,0,25,1,0,24,2,30,14,15,87,30,0,0,1104,0,1,0,1,1,0,0,0,8,0,0,0,0,7,0,0,0,0,1,0,0,0,0,0,0,0,0,0,0,0,0,0,0,0,0,0,0,0
ERR2683264,MGYS00003139,119,587,10878,168,8,24002,246,44,54,37444,264,52,305,284,0,18,2,0,251,19,0,0,0,0,0,30,0,0,0,403,0,14,0,23,0,73,2,0,42,6,20,11,44,130,6,0,0,828,0,0,0,0,0,0,0,0,9,0,0,0,0,4,0,0,0,3,0,0,0,0,0,0,0,0,0,0,0,0,0,0,0,0,0,0,0,0
ERR2683265,MGYS00003139,69,1442,17805,120,50,29283,808,7,80,25747,310,361,389,16,5,90,75,5,211,86,0,0,0,0,0,76,0,0,3,144,0,10,0,7,0,16,1,0,171,4,218,35,47,54,78,0,0,146,0,1,37,3,5,0,1,0,18,0,7,1,0,3,0,0,0,8,0,9,0,0,0,0,0,1,0,0,0,7,0,0,2,0,0,0,0,0
ERR2683268,MGYS00003139,154,688,4081,218,5,14279,181,2,35,26356,87,191,498,25,5,1940,81,0,53,5,0,0,0,0,0,17,1,0,0,342,0,14,0,11,1,89,0,0,58,1,8,5,6,341,28,1,0,1444,0,4,0,0,0,0,0,0,320,0,1,0,0,2,0,0,0,0,0,0,0,0,0,0,0,0,0,0,0,0,0,0,0,0,0,190,0,0
ERR2683273,MGYS00003139,210,2864,7195,235,0,19018,404,3,36,124980,57,118,356,107,23,77,11,1,330,73,0,0,0,0,0,86,1,0,0,86,0,21,0,16,0,47,0,0,21,0,23,33,25,69,0,1,0,187,0,0,8,0,0,2,0,0,7,0,4,0,0,21,0,0,0,2,0,1,0,0,0,2,0,2,0,0,0,0,0,0,0,0,0,0,0,0
ERR2683276,MGYS00003139,25,1371,13658,37,0,3152,146,15,8,36705,11,38,34,6,6,6,0,0,18,3,0,0,0,0,0,17,0,0,1,64,0,0,0,0,0,8,0,0,7,0,2,6,3,14,0,0,1,26,0,0,0,0,0,0,0,0,4,0,0,0,0,9,0,0,0,2,0,0,0,0,0,0,0,0,0,0,0,1,0,0,0,0,0,0,0,0
ERR2683277,MGYS00003139,223,2916,3018,290,20,27940,1988,5,61,19547,210,694,1264,40,4,123,16,2,943,11,0,0,0,0,0,124,0,0,0,962,0,10,0,2,0,92,3,0,108,4,36,4,18,374,111,0,0,1535,0,6,0,0,0,3,0,0,11,0,0,0,0,7,0,0,0,2,0,0,0,0,0,3,0,5,0,0,0,2,0,0,0,0,0,0,0,0
ERR2683116,MGYS00003139,257,1110,10739,25,23,19748,149,2,3,18697,635,434,283,53,19,9,4,0,41,0,0,0,0,0,0,65,0,0,0,82,0,4,0,1,0,6,0,0,44,0,29,56,3,35,51,0,0,20,0,0,4,6,0,0,0,0,0,0,0,0,0,4,0,0,1,2,0,0,0,0,0,0,0,0,0,0,0,1,0,0,0,0,0,0,0,0
ERR2683117,MGYS00003139,128,1243,9801,74,16,15751,1432,10,8,19908,193,352,387,394,32,5,1,0,146,6,0,0,0,0,0,179,0,0,0,139,0,0,0,7,3,8,0,0,41,0,25,38,2,38,39,0,0,68,0,0,4,0,0,0,0,0,7,0,0,2,0,4,0,0,0,0,0,0,0,0,0,0,4,2,0,0,0,23,0,0,0,0,0,0,0,0
ERR2683119,MGYS00003139,42,2345,10083,98,0,17811,1772,4,21,26898,46,95,201,109,0,18,6,0,110,28,0,0,0,0,0,9,0,0,0,47,4,6,0,0,1,15,1,0,13,0,15,17,15,21,3,0,0,39,0,3,2,0,1,0,0,0,9,0,0,0,0,10,0,0,0,2,0,0,0,0,0,3,0,1,0,0,0,0,0,0,0,0,0,0,0,0
ERR2683120,MGYS00003139,241,1357,4602,797,6,11414,1211,0,38,18960,185,261,301,30,14,45,23,1,1392,47,0,0,0,0,0,318,1,0,1,124,1,20,0,24,0,95,7,0,46,1,23,2,73,83,18,0,0,530,0,82,1,0,6,0,0,0,132,0,0,0,0,103,0,0,0,149,0,0,0,0,0,0,2,0,0,0,0,0,0,0,0,0,0,3,0,0
ERR2683122,MGYS00003139,237,1898,37016,830,180,28269,69,14,87,16947,2214,1773,1187,6,0,2117,10,0,74,6,0,0,0,0,0,9,4,1,0,138,0,83,0,96,7,52,4,0,188,5,78,23,3875,366,66,3,0,3049,0,8,0,1,3,0,0,0,18,0,0,0,0,2,0,0,0,0,1,0,0,0,0,0,0,0,0,0,0,0,0,0,0,0,0,0,0,0
ERR2683123,MGYS00003139,161,1332,12701,220,34,19852,1315,21,56,48129,357,391,174,27,2,5,23,0,43,12,0,0,0,0,0,18,5,0,0,173,0,13,0,12,1,44,3,0,122,1,121,15,48,187,121,0,2,525,0,3,0,4,0,0,0,0,34,0,1,0,1,8,0,0,0,3,0,3,0,0,0,0,0,0,0,0,0,1,0,0,1,0,0,0,0,0
ERR2683125,MGYS00003139,43,8086,2966,109,4,3134,113,5,8,54137,15,104,218,8,3,437,2,0,33,4,0,0,0,0,0,7,0,0,0,40,0,15,2,3,0,13,2,0,94,0,6,13,61,239,4,0,0,92,0,0,0,1,0,0,0,0,793,0,1,1,0,0,0,0,0,70,6,0,0,0,0,0,0,0,0,0,0,0,0,0,0,0,0,0,0,0
ERR2683126,MGYS00003139,10,6565,2250,54,5,1918,76,0,36,35119,16,36,189,14,1,6,1,0,13,1,0,0,0,0,0,11,0,0,0,79,0,15,104,1,0,4,0,0,78,0,2,70,256,182,2,0,0,79,0,0,0,1,0,0,0,0,204,0,0,1,0,0,0,0,0,7,3,0,0,0,0,0,0,0,0,0,0,1,0,0,0,2,0,0,0,0
ERR2683127,MGYS00003139,24,9662,2082,55,1,3518,54,3,297,21961,17,33,483,6,1,18,3,0,27,7,0,0,0,0,0,17,0,0,1,115,0,3,7,6,0,34,0,0,60,0,2,16,26,51,3,0,0,77,0,0,2,2,10,1,0,0,5,0,3,0,0,5,0,0,0,2,1,1,0,0,0,0,1,0,0,0,0,1,0,0,0,0,0,0,0,0
ERR2683130,MGYS00003139,17,2081,2766,262,3,854,48,19,678,20514,16,35,4973,50,18,565,2,3,76,399,0,0,0,0,0,970,2,1,1,719,0,135,21,0,7,181,2,0,1419,0,7,222,60,118,3,1,5,13,0,0,3,45,1009,3,0,0,605,0,1372,3,3,187,0,0,0,241,37,219,0,2,0,0,10,3,1,0,1,111,8,0,1,4,0,9,0,0
ERR2683131,MGYS00003139,418,9900,4189,112,2,33640,1632,4,44,14890,39,388,377,103,70,99,6,0,548,9,0,0,0,0,0,37,0,0,0,72,0,9,1,1,0,23,0,0,43,3,26,23,4,14,3,0,0,183,0,0,1,1,5,0,0,0,13,0,1,0,0,8,0,0,0,1,0,4,0,1,0,0,3,0,0,0,0,2,0,0,0,0,0,0,0,0
ERR2683132,MGYS00003139,81,3442,3381,747,11,1118,89,29,1620,11543,51,29,2294,23,6,4814,25,10,512,81,0,0,0,0,0,167,2,0,2,1014,0,170,0,0,3,90,1,0,705,0,36,167,143,145,5,3,1,20,0,9,102,1,405,4,0,2,68,2,93,3,0,13,0,2,0,25,7,447,0,0,0,0,6,0,0,1,0,98,2,0,0,0,0,2,0,0
ERR2683134,MGYS00003139,288,4782,7194,149,11,36844,891,8,23,33112,97,151,377,184,27,79,33,3,536,129,0,0,0,0,0,97,0,0,2,180,0,12,0,10,0,45,0,0,26,2,37,23,25,52,3,0,0,395,0,2,8,1,1,48,0,1,50,0,3,0,0,27,0,0,0,1,0,0,0,0,0,0,0,0,0,0,0,1,0,0,1,0,0,5,0,0
ERR2683135,MGYS00003139,128,1867,3565,98,17,15542,906,4,16,34893,64,140,160,313,22,73,19,0,147,8,0,0,0,0,0,159,0,0,0,46,0,4,0,4,0,6,0,0,16,0,6,45,3,22,29,0,0,156,0,2,3,1,0,0,0,0,5,0,4,1,0,5,0,0,0,2,0,0,0,0,0,0,2,0,0,0,0,9,0,0,0,0,0,2,0,0
ERR2683139,MGYS00003139,622,4114,8422,108,4,36102,8735,6,51,24380,37,490,447,289,5,33,15,0,402,24,0,0,0,0,0,30,0,0,0,35,0,12,0,0,1,18,2,0,33,0,37,39,13,36,11,0,0,179,0,0,3,0,0,0,0,0,8,0,0,0,0,6,0,0,0,3,0,0,0,0,0,0,0,0,0,0,0,0,0,0,0,0,0,0,0,0
ERR2683142,MGYS00003139,510,1865,5663,177,2,20695,1583,3,48,34435,48,141,515,423,22,63,4,1,726,65,0,0,0,0,0,104,2,0,0,57,0,18,0,5,0,18,3,0,18,1,26,26,14,64,10,0,0,434,0,0,6,6,0,0,0,0,5,0,0,0,0,9,0,0,0,5,0,3,0,0,0,0,3,0,0,0,0,0,0,0,3,0,0,0,0,0
ERR2683148,MGYS00003139,935,1233,11974,2595,9,6749,748,5,329,15154,1655,78,1118,15,1,67,1,0,182,54,0,0,0,0,0,22,11,0,0,467,0,163,0,186,4,824,11,0,28,2,22,9,159,787,22,1,0,1521,0,2431,1,0,0,0,0,0,4,0,1,1,0,42,0,0,0,0,2,1,0,0,0,0,1,0,0,0,0,3,0,0,0,0,0,0,0,0
ERR2683149,MGYS00003139,447,3874,4373,294,1,35831,4069,4,66,30366,31,178,489,229,6,93,5,0,957,18,0,0,0,0,0,33,0,0,0,63,0,5,0,14,0,51,3,0,10,0,9,91,6,40,3,0,0,523,0,3,2,0,0,0,0,0,9,0,0,0,0,57,0,0,0,4,0,0,0,0,0,0,1,0,0,0,0,3,0,0,1,0,0,4,0,0
ERR2683150,MGYS00003139,726,4287,2569,194,6,31149,2898,3,59,23944,38,350,573,249,24,411,5,0,1365,46,0,0,0,0,0,126,3,0,0,39,0,4,0,0,3,32,1,0,20,2,24,71,19,42,2,0,0,440,0,6,1,1,1,1,0,0,45,0,2,0,0,20,0,0,0,4,0,2,0,0,0,2,5,4,0,0,0,5,0,0,0,0,0,1,0,0
ERR2683151,MGYS00003139,104,4473,5934,114,4,19093,3336,9,39,55960,18,349,479,182,3,105,7,0,582,9,0,0,0,0,0,58,0,0,0,111,0,2,0,12,0,15,0,0,18,0,7,7,10,17,2,0,0,74,0,0,0,0,7,0,0,0,7,0,1,1,0,13,0,0,0,1,1,1,0,0,0,0,1,0,0,0,0,2,0,0,0,0,0,0,0,0
ERR2683152,MGYS00003139,391,5393,2357,88,1,24520,11629,9,45,19395,13,259,435,1139,35,60,40,1,846,39,0,0,0,0,0,72,0,0,2,88,0,3,0,8,8,17,1,0,17,0,13,15,16,4,3,0,0,178,0,0,5,3,6,0,0,0,6,0,0,0,0,11,0,0,0,2,0,3,0,0,0,1,3,0,0,0,0,6,1,0,3,0,0,0,0,0
ERR2683153,MGYS00003139,77,2744,4339,107,2,34673,6383,10,68,32038,21,217,870,57,5,36,2,0,815,4,0,0,0,0,0,21,0,0,0,59,0,8,0,8,0,31,1,0,21,1,3,14,14,75,5,0,0,339,0,0,2,0,0,0,0,0,31,0,0,0,0,16,0,0,0,3,1,0,0,0,0,0,0,0,0,0,0,0,0,0,0,0,0,1,0,0
ERR2683154,MGYS00003139,395,2811,5673,598,12,27148,8843,9,77,27317,65,195,740,509,8,35,10,0,1662,36,0,0,0,0,0,95,0,0,0,76,2,18,2,16,0,59,0,0,13,0,7,19,19,250,14,0,0,955,0,25,2,0,0,0,0,0,7,0,1,0,0,41,0,0,0,1,0,0,0,0,0,0,0,1,0,0,0,1,0,0,5,0,0,0,0,0
ERR2683155,MGYS00003139,592,6153,3007,1017,0,20732,3012,14,41,24582,125,228,650,262,12,38,6,2,542,5,0,0,0,0,0,23,4,0,0,61,0,13,0,34,1,88,1,0,23,0,10,8,18,120,8,0,0,327,0,13,0,0,0,0,0,0,15,0,8,0,0,74,0,0,0,2,0,0,0,0,0,0,2,0,0,0,0,0,0,0,0,0,0,1,0,0
ERR2683156,MGYS00003139,706,3470,3418,152,2,42093,547,0,46,17088,28,634,450,864,34,125,77,0,673,21,0,0,0,0,0,130,0,0,0,51,0,4,0,4,0,11,0,0,26,1,29,66,6,58,5,0,0,179,0,1,7,2,0,2,0,0,3,0,0,1,0,5,0,0,0,8,0,1,0,0,2,1,3,0,0,0,0,0,0,0,0,0,0,6,0,0
ERR2683157,MGYS00003139,511,2030,8782,106,2,16983,1038,13,41,50548,23,121,444,288,8,17,6,0,708,217,0,0,0,0,0,75,0,0,0,90,0,15,0,11,2,45,1,0,22,0,11,33,7,39,6,0,0,149,0,3,2,1,0,0,0,0,3,0,5,0,0,5,0,0,0,7,0,1,0,0,0,0,2,0,0,0,0,0,0,0,0,0,0,0,0,0
ERR2683158,MGYS00003139,274,1976,10328,97,3,22794,5281,7,69,32401,34,340,825,122,4,107,5,0,318,19,0,0,0,0,0,39,1,0,0,62,0,34,0,2,0,52,0,0,41,0,52,12,10,76,41,0,0,633,0,15,0,2,0,1,0,0,9,0,1,0,0,7,0,0,0,1,1,0,0,0,0,0,0,1,0,0,0,1,0,0,1,0,0,1,0,0
ERR2683159,MGYS00003139,104,699,2440,48,0,8266,3800,3,18,60198,3,70,362,40,2,12,3,0,136,6,0,0,0,0,0,52,0,0,0,17,0,12,0,1,0,5,0,0,5,0,4,26,3,35,5,0,0,77,0,1,1,0,0,0,0,0,1,0,0,0,1,10,0,0,0,2,0,0,0,0,0,0,0,0,0,0,0,0,0,0,1,0,0,0,0,0
ERR2683161,MGYS00003139,379,902,6385,521,1,10464,81,4,239,43179,907,106,158,26,1,16,3,0,7,6,0,0,0,0,0,16,0,0,0,579,0,213,0,837,1,44,0,0,15,0,8,6,44,695,89,0,0,434,0,0,0,2,0,0,0,0,3,0,0,0,0,0,0,0,0,0,0,0,0,0,0,0,0,0,0,0,0,0,0,0,0,0,0,0,0,0
ERR2683162,MGYS00003139,81,1107,10771,60,2,8972,1106,62,30,38898,26,96,203,235,9,42,2,0,257,8,0,0,0,0,0,113,0,0,0,105,0,6,0,7,0,14,1,0,5,0,7,59,18,29,4,0,0,70,0,0,0,0,0,0,0,0,3,0,1,0,0,3,0,0,0,0,0,0,0,0,0,0,2,0,0,0,0,4,0,0,1,0,0,0,0,0
ERR2683163,MGYS00003139,670,1913,5969,718,38,18397,769,16,156,14893,783,370,612,47,14,142,20,0,427,43,0,0,0,0,0,406,3,0,11,1401,0,20,0,76,0,97,6,0,187,9,39,29,17,319,38,2,0,1299,0,4,2,3,8,0,0,0,84,0,3,1,0,37,0,0,0,1,0,1,0,0,0,1,1,0,0,0,0,25,1,0,0,0,0,2,0,0
ERR2683164,MGYS00003139,424,1819,3740,1187,7,21808,284,14,106,26671,197,173,1037,16,1,5,4,0,84,19,0,0,0,0,0,57,0,0,0,2048,0,82,0,187,2,468,15,0,212,5,9,4,19,595,33,1,0,3467,0,19,1,0,0,0,0,0,20,0,0,0,0,10,0,0,0,1,2,0,0,0,0,0,2,0,0,0,0,70,0,0,0,0,1,0,0,0
ERR2683165,MGYS00003139,578,776,4893,761,9,48444,137,4,87,14049,127,109,866,10517,16,11,5,0,145,8,0,0,0,0,0,16,28,0,0,492,0,60,0,17,20,223,3,0,15,2,29,178,37,113,20,0,0,2502,0,16,1,0,1,1,0,0,13,0,0,0,0,4,0,0,0,0,0,0,0,0,0,0,2,1,0,0,0,0,0,0,0,0,0,0,0,0
ERR2683166,MGYS00003139,136,1552,4359,284,6,42183,221,3,109,25582,46,132,396,730,7,24,2,0,53,10,0,0,0,0,0,54,0,0,0,211,0,5,0,7,1,12,5,0,20,0,14,442,8,123,6,0,0,385,0,1,2,0,0,0,0,0,16,0,1,0,0,13,0,0,0,0,0,0,0,0,0,0,5,0,0,0,0,0,0,0,0,0,0,1,0,0
ERR2683167,MGYS00003139,165,1351,15666,459,0,18701,513,25,133,49684,275,98,358,94,3,99,3,2,27160,16,0,0,0,0,0,169,0,0,0,163,0,12,1,18,0,93,0,0,83,20,8,45,98,217,14,1,0,1536,0,59,17,0,1,0,0,0,16,0,2,0,0,8,0,0,0,0,0,1,0,0,0,1,0,0,0,0,0,7,0,0,0,0,2,0,0,0
ERR2683168,MGYS00003139,329,1970,4866,328,4,16678,1308,4,75,30219,179,79,321,161,21,95,18,4,445,56,0,0,0,0,0,80,0,0,3,400,0,16,0,19,0,38,0,0,35,0,39,35,55,120,4,0,0,646,1,0,3,3,0,3,0,0,31,0,2,1,0,12,0,0,0,2,1,0,0,0,0,1,5,0,0,0,0,1,0,0,0,0,0,1,0,0
ERR2683169,MGYS00003139,20,5493,14317,516,4,4670,241,29,268,35751,38,107,529,30,5,47,46,7,40,3,0,0,0,0,0,28,0,0,4,598,0,36,0,3,0,106,0,0,143,0,72,62,14,26,17,6,0,30,0,0,28,3,25,3,0,0,42,0,26,0,0,26,0,0,0,18,4,2,0,0,0,0,0,0,0,0,0,14,0,0,0,0,0,0,0,0
ERR2683171,MGYS00003139,2922,2597,3071,2921,32,9101,274,118,303,15868,998,111,992,39,13,408,6,0,110,12,0,0,0,0,0,128,6,0,6,4211,0,63,0,2431,16,112,11,0,154,5,59,25,646,641,43,8,0,1348,0,18,5,6,2,0,0,0,56,1,1,0,0,62,0,0,0,1,2,1,0,0,0,6,2,0,0,0,0,6,0,0,0,0,0,0,0,0
ERR2683175,MGYS00003139,369,1657,5803,135,12,17610,905,40,34,24224,78,179,209,416,11,47,501,0,477,49,0,0,0,0,0,124,0,0,0,190,0,21,0,0,0,33,2,0,11,0,34,52,9,83,6,0,0,276,0,3,1,4,0,0,0,0,10,0,0,0,0,6,1,0,0,5,0,0,0,0,0,0,0,1,0,0,0,0,0,0,0,0,0,0,0,0
ERR2683176,MGYS00003139,156,4424,7338,192,8,23603,2315,6,68,23242,36,253,758,172,11,63,13,0,1293,57,0,0,0,0,0,71,1,0,0,96,0,6,1,10,0,50,0,0,26,1,8,30,17,64,11,0,0,258,0,4,2,3,0,1,0,0,16,0,0,0,0,9,0,0,0,14,0,0,0,0,0,2,3,3,0,0,0,0,0,0,15,0,0,0,0,0
ERR2683178,MGYS00003139,120,1182,2056,542,1,5702,218,5,45,98442,25,47,203,85,4,30,8,1,88,5,0,0,0,0,0,18,0,0,0,126,0,10,0,24,0,47,0,0,33,1,6,7,10,75,3,0,0,288,3,2,0,0,5,0,0,0,8,0,1,0,0,16,0,0,0,0,0,0,0,1,0,0,0,0,0,0,0,3,0,0,0,0,0,0,0,0
ERR2683180,MGYS00003139,15,711,4003,431,43,953,97,101,225,10535,159,23,542,21,5,9,3,0,152,92,0,0,0,0,0,199,0,2,0,299,0,37,0,0,1,231,0,0,54,0,22,31,19,81,3,0,0,22,0,0,54,0,11,0,0,0,8,0,10,0,0,32,0,0,0,4,0,23,0,0,0,0,1,1,0,0,0,5,0,0,2,0,0,4,0,0
ERR2683181,MGYS00003139,179,1349,5346,87,33,16832,1056,3,13,20684,86,414,203,253,9,31,31,0,317,8,0,0,0,0,0,537,0,0,0,130,0,4,0,0,0,26,2,0,63,2,86,16,8,139,30,0,0,452,0,5,0,0,0,0,0,0,10,0,0,0,0,14,0,0,0,0,0,1,0,0,0,0,0,8,0,0,0,2,0,0,2,0,0,0,0,0
ERR2683182,MGYS00003139,1114,5883,4824,848,9,31493,229,6,103,9633,455,386,566,156,66,165,46,0,357,146,0,0,0,0,0,710,2,0,2,834,0,19,0,167,5,204,3,0,83,0,57,15,97,202,20,0,0,690,0,9,15,6,0,1,0,0,17,0,1,1,0,35,0,0,0,2,0,0,0,0,0,1,4,0,0,0,0,19,0,0,1,0,0,1,0,0
ERR2683183,MGYS00003139,1151,1984,2606,1884,14,12303,162,15,465,11839,228,117,447,16,8,47,27,1,63,110,0,0,0,0,0,613,12,0,0,1113,0,66,0,69,21,335,11,0,16,0,6,18,108,408,9,4,0,494,0,267,2,1,1,3,0,0,24,0,2,0,0,607,0,0,0,1,0,32,0,0,0,0,1,38,0,0,0,2,0,0,0,0,0,5,0,0
ERR2683184,MGYS00003139,429,5154,17633,332,72,40501,854,5,66,28949,782,767,459,75,19,11,39,1,77,100,0,0,0,0,0,262,0,0,0,431,0,22,0,41,7,79,5,0,179,3,117,17,68,158,82,0,0,533,0,10,40,3,1,0,0,0,24,0,9,4,0,7,0,0,0,15,0,0,0,0,0,0,0,0,0,0,0,3,1,0,0,0,0,0,0,0
ERR2683185,MGYS00003139,246,2486,3862,188,9,27971,146,1,24,8311,150,205,252,64,23,487,30,1,75,18,0,0,0,0,0,532,0,0,0,161,0,7,1,11,2,43,2,0,31,0,21,17,31,88,6,0,0,281,0,1,7,1,0,0,0,0,54,0,1,0,0,5,0,0,0,1,0,0,0,0,0,0,0,1,0,0,0,76,0,0,2,0,0,1,0,0
ERR2683187,MGYS00003139,98,1345,2427,89,3,15737,774,3,23,33743,28,145,407,58,7,35,12,0,460,30,0,0,0,0,0,117,0,0,0,84,0,2,0,1,0,30,3,0,12,0,11,5,11,44,1,0,0,152,1,2,0,0,0,0,0,0,10,0,1,0,0,7,0,0,0,0,0,0,0,0,0,0,2,0,0,0,0,0,0,0,0,0,0,0,0,0
ERR2683190,MGYS00003139,221,3917,5647,81,1,46502,699,8,13,30703,20,758,886,78,13,16,34,3,234,9,0,0,0,0,0,20,0,1,0,95,0,13,0,4,0,20,0,0,39,0,35,15,6,18,12,2,0,192,0,5,1,0,0,0,0,0,3,0,2,0,0,1,0,0,0,0,0,0,2,0,0,0,4,0,0,0,0,0,0,0,0,0,0,0,0,0
ERR2683197,MGYS00003139,267,1360,5592,185,3,14907,1602,3,60,16230,79,255,291,62,5,85,4,2,762,88,0,0,0,0,0,91,1,0,0,49,0,22,0,13,0,38,0,0,28,0,10,20,12,64,10,0,1,180,0,3,4,0,1,0,0,0,9,0,6,0,0,10,0,0,0,8,0,0,0,0,0,0,1,0,0,0,0,0,0,0,2,0,1,0,0,0
ERR2683198,MGYS00003139,1003,2318,4217,374,1,21361,2166,3,75,44022,45,210,587,49,2,119,2,0,453,3,0,0,0,0,0,98,1,0,0,79,0,33,0,8,0,42,1,0,13,0,29,13,36,88,5,0,0,1059,0,0,0,2,1,0,0,0,31,0,0,0,0,18,0,0,0,1,1,0,0,0,0,0,2,0,0,0,0,0,0,0,6,0,0,0,0,0
ERR2683201,MGYS00003139,19,105,614,31,1,5819,109,2,0,79398,7,6,41,85,0,8,0,0,96,1,0,0,0,0,0,7,0,0,0,16,0,2,0,0,0,13,0,0,4,0,5,3,3,12,2,0,0,331,0,0,0,0,0,0,0,0,0,0,0,0,0,7,0,0,0,0,0,0,0,0,0,0,0,0,0,0,0,0,0,0,0,0,0,0,0,0
ERR2683202,MGYS00003139,24,144,608,27,1,2976,168,0,1,50440,2,16,20,11,0,19,1,0,34,0,0,0,0,0,0,2,0,0,0,16,0,2,0,0,0,5,2,0,4,0,2,5,2,26,4,0,0,380,0,2,0,0,0,0,0,0,3,0,0,0,0,8,0,0,0,0,0,0,0,0,0,0,0,0,0,0,0,0,0,0,0,0,0,0,0,0
ERR2683206,MGYS00003139,18,119,554,32,0,3134,134,0,7,50467,6,7,33,2,0,2,1,0,32,1,0,0,0,0,0,5,0,0,0,15,0,2,0,0,0,10,0,0,4,0,3,2,4,16,9,0,0,223,0,0,0,0,0,0,0,0,0,0,1,0,0,1,0,0,0,0,0,0,0,0,0,0,0,0,0,0,0,0,0,0,0,0,0,0,0,0
ERR2683207,MGYS00003139,16,134,678,31,0,3934,195,0,6,51540,4,13,36,6,0,4,0,0,22,2,0,0,0,0,0,3,0,1,0,8,0,0,0,0,0,6,0,0,5,1,2,2,4,9,1,0,0,154,0,0,2,0,0,0,0,0,0,0,0,0,0,1,0,0,0,0,0,0,0,0,0,1,0,0,0,0,0,0,0,0,0,0,0,0,0,0
ERR2683209,MGYS00003139,90,2025,3920,125,3,14814,3218,4,48,24021,55,235,484,137,9,132,2,0,308,6,0,0,0,0,0,67,0,0,0,55,0,7,0,0,0,39,0,0,12,0,28,18,4,38,7,0,0,265,0,0,5,0,1,0,0,0,1,0,2,0,0,15,0,0,0,3,0,0,0,0,0,0,3,0,0,0,0,0,0,0,0,0,0,1,0,0
ERR2683210,MGYS00003139,147,891,4955,59,6,13310,3096,3,24,32792,35,291,281,127,15,176,12,0,490,78,0,0,0,0,0,84,1,0,0,59,0,16,0,1,0,9,4,0,44,0,28,15,6,63,5,0,0,208,1,0,1,4,1,0,0,0,12,0,6,0,0,3,0,0,0,2,0,0,0,0,0,0,0,0,0,0,0,1,0,0,0,0,0,0,0,0
ERR2683212,MGYS00003139,1120,1485,10290,1759,78,9856,81,18,352,13372,1381,217,548,23,6,178,0,0,50,17,0,0,0,0,0,12,1,0,2,6272,0,276,0,776,28,1551,28,0,91,0,61,22,696,1025,126,0,0,926,0,4,8,3,1,0,0,0,83,0,3,0,0,60,1,0,0,0,0,0,0,0,0,1,12,0,0,0,0,47,0,0,0,0,0,1,0,0
ERR2683216,MGYS00003139,372,3686,2666,141,0,31110,3141,4,57,35459,16,388,718,34,1,76,1,0,734,34,0,0,0,0,0,28,0,0,0,59,0,10,0,1,0,28,4,0,9,0,11,34,4,87,4,0,0,623,0,2,0,1,0,0,0,0,8,0,0,0,0,12,0,0,0,9,0,0,0,0,0,0,0,0,0,0,0,2,0,0,0,0,0,0,0,0
ERR2683217,MGYS00003139,238,1707,3652,222,7,13881,1029,7,51,22962,29,138,447,28,5,73,0,1,524,4,0,0,0,0,0,27,0,0,1,48,0,14,0,0,0,62,1,0,25,2,32,12,17,101,9,0,0,603,0,0,0,0,0,0,0,0,6,0,0,0,0,12,0,0,0,4,0,0,0,0,0,0,0,0,0,0,0,0,0,0,0,0,0,0,0,0
ERR2683224,MGYS00003139,78,928,12606,130,0,9824,3549,3,16,52495,49,117,271,156,5,40,4,0,431,3,0,0,0,0,0,14,0,0,0,96,0,8,0,2,1,23,0,0,15,0,16,9,32,33,8,0,0,225,0,13,0,1,0,0,0,0,3,0,1,1,0,7,0,0,0,0,0,0,0,0,0,1,0,0,0,0,0,0,0,0,0,0,0,0,0,0
ERR2683226,MGYS00003139,239,3009,5024,37,2,29788,2375,2,9,14344,9,221,239,165,3,454,35,1,375,9,0,0,0,0,0,29,0,0,0,17,0,3,0,1,0,9,0,0,2,1,6,39,11,11,5,0,0,58,0,2,0,0,0,0,0,0,0,0,0,0,0,7,0,0,0,3,0,0,0,0,0,2,0,0,0,0,0,0,0,0,0,0,0,1,0,0
ERR2683229,MGYS00003139,467,3500,3875,112,12,24182,2352,7,15,19973,80,491,214,221,35,314,21,1,640,29,0,0,0,0,0,282,1,0,0,60,0,2,0,4,0,22,0,0,31,1,22,33,2,51,12,0,0,127,0,1,5,3,1,0,0,0,12,0,5,0,0,9,0,0,0,4,0,0,0,0,0,0,2,0,0,0,0,2,0,0,0,0,0,3,0,0
ERR2683230,MGYS00003139,230,1461,4943,100,5,15137,2066,4,29,33779,23,134,267,266,14,218,6,0,296,15,0,0,0,0,0,72,2,0,0,68,0,6,0,2,0,5,0,0,14,0,54,62,8,12,2,0,0,146,0,0,1,0,0,0,0,0,5,0,0,0,0,4,0,0,0,0,0,0,0,0,0,0,0,1,0,0,0,0,0,0,7,0,0,12,0,0
ERR2683234,MGYS00003139,306,2731,4914,218,1,16389,3797,3,148,30630,56,193,410,697,5,39,6,1,440,46,0,0,0,0,0,54,0,0,3,76,0,71,0,4,1,19,0,0,10,0,20,19,14,16,3,0,0,184,0,10,1,1,5,0,0,0,7,0,0,0,0,31,0,0,0,6,0,0,0,0,0,0,1,3,0,0,0,0,0,0,0,0,0,1,0,0
ERR2683235,MGYS00003139,198,2965,4681,124,4,27740,2879,6,31,41337,29,171,336,256,7,50,16,0,912,23,0,0,0,0,0,55,0,0,2,45,0,7,0,5,0,24,1,0,38,0,8,61,9,25,5,0,0,230,0,1,0,2,0,0,0,0,3,0,0,1,0,91,0,0,0,7,0,0,0,0,0,1,0,0,0,0,0,0,0,0,2,0,0,1,0,0
ERR2683236,MGYS00003139,59,1362,18704,141,11,27189,7959,15,166,33802,381,476,594,20,1,21,1,0,503,60,0,0,0,0,0,16,0,0,0,101,0,19,0,4,2,78,447,0,26,0,23,7,25,64,15,1,1,445,0,2,1,4,2,0,0,0,30,0,1,0,0,37,0,0,0,18,0,0,0,0,0,0,0,1,0,0,0,1,0,0,1,0,0,3,0,0
ERR2683237,MGYS00003139,941,9733,8313,487,26,41018,513,18,182,24811,303,1036,1835,203,18,211,73,3,864,52,0,0,0,0,0,249,3,0,7,146,0,24,0,7,3,40,2,0,150,1,117,66,18,155,18,4,0,317,0,0,23,11,9,0,0,0,45,0,11,1,0,6,0,0,0,4,2,2,0,0,0,1,3,2,0,0,0,238,0,0,0,0,0,1,0,0
ERR2683239,MGYS00003139,608,6910,6383,170,4,44076,626,3,86,25848,110,358,516,220,66,1028,55,1,1260,42,0,0,0,0,0,160,0,0,0,297,0,13,1,17,0,46,1,0,29,0,33,28,24,84,17,0,0,337,0,0,9,7,0,0,0,0,26,0,1,3,0,48,0,0,0,7,0,0,0,0,0,0,0,1,0,0,0,5,0,0,0,0,0,35,0,0
ERR2683240,MGYS00003139,95,4005,6518,49,6,9054,115,1,27,13110,31,220,245,15,7,20,53,3,107,10,0,0,0,0,0,15,1,0,0,43,0,14,0,1,1,85,2,0,47,0,15,3,13,22,14,0,0,81,0,1,7,0,12,4,0,0,31,0,11,2,0,67,0,0,0,0,0,0,0,0,0,2,2,3,0,0,0,0,0,0,0,0,0,1,0,0
ERR2683242,MGYS00003139,287,1329,3527,241,8,14352,647,32,71,93015,89,83,802,23,4,148,17,0,1327,18,0,0,0,0,0,22,0,0,1,156,0,11,0,21,0,33,0,0,45,1,31,7,34,182,8,0,0,860,1,4,0,1,1,0,0,0,44,0,0,0,0,3,0,0,0,0,23,1,0,0,0,0,0,0,0,0,0,5,0,0,0,0,1,0,0,0
ERR2683243,MGYS00003139,183,813,5157,313,16,13364,1295,33,75,38316,141,81,286,37,7,22,104,0,99,30,0,0,0,0,0,18,1,0,1,121,0,26,1,6,0,40,1,0,65,2,48,26,61,82,4,0,0,326,1,10,0,1,0,1,0,0,16,0,2,0,0,3,0,0,0,0,9,0,0,0,0,0,0,0,0,0,0,4,0,0,2,0,0,0,0,0
ERR2683247,MGYS00003139,212,10731,2619,101,1,56048,1491,9,49,22143,14,869,1184,361,14,42,15,1,432,15,0,0,0,0,0,42,1,0,0,81,0,1,0,3,1,27,0,0,34,0,13,12,4,31,5,0,0,181,0,7,13,1,1,0,0,0,6,0,2,0,0,29,0,0,0,0,0,0,0,0,0,0,1,1,0,0,0,4,0,0,0,0,0,0,0,0
ERR2683248,MGYS00003139,145,1349,8253,885,55,5113,207,67,602,22354,152,60,788,20,5,18,4,0,88,80,0,0,0,0,0,14,1,0,1,587,0,123,1,19,2,109,17,0,87,0,14,100,202,252,3,2,0,122,0,0,2,0,1,1,0,0,9,0,16,2,0,180,0,0,0,8,1,5,0,0,0,0,1,3,0,0,0,1,0,0,0,1,1,7,0,0
ERR2683250,MGYS00003139,87,1053,11733,84,0,9159,1070,3,21,48167,44,124,183,108,10,10,4,1,117,12,0,0,0,0,0,61,0,0,1,47,0,12,0,3,0,26,4,0,7,1,24,15,23,25,16,0,0,112,0,0,1,3,0,0,0,0,2,0,2,0,0,2,0,0,0,0,0,0,0,0,0,0,1,0,0,0,0,0,1,0,0,0,0,0,0,0
ERR2683253,MGYS00003139,77,898,10056,247,47,13321,3457,32,140,20075,313,198,364,22,6,26,7,9,452,872,0,0,0,0,0,15,0,0,1,250,0,19,0,4,0,42,0,0,109,1,306,22,85,68,17,0,0,210,0,2,9,1,5,0,0,0,4,0,3,1,0,4,0,0,0,16,0,0,0,0,0,1,1,2,0,0,0,5,0,0,0,0,1,1,0,0
ERR2683256,MGYS00003139,548,4231,6904,171,42,54055,4235,9,48,29162,134,705,995,272,25,69,26,0,1623,105,0,0,0,0,0,123,1,0,0,78,0,25,0,8,0,36,2,0,84,0,157,40,20,88,42,1,0,627,0,10,2,0,0,2,0,0,10,0,2,0,0,6,1,0,0,6,0,0,0,0,0,0,1,0,0,0,0,0,0,0,2,0,0,0,0,0
ERR2683258,MGYS00003139,119,1031,2007,1377,0,11817,172,6,33,165446,27,46,89,6,1,10,0,0,28,8,0,0,0,0,0,5,0,0,0,94,0,14,0,2,0,103,2,0,42,0,6,6,12,80,12,0,0,571,12,0,0,0,0,0,0,0,48,0,0,0,0,2,0,0,0,0,0,0,0,0,0,0,0,0,0,0,0,1,0,0,0,0,0,0,0,0
ERR2683260,MGYS00003139,139,1121,9645,137,5,16364,964,19,69,33803,64,185,286,35,0,42,3,0,89,3,0,0,0,0,0,10,0,0,0,105,0,10,0,7,0,37,3,0,19,1,30,24,11,69,27,0,0,838,0,1,0,0,0,1,0,0,7,0,0,0,0,0,0,0,0,2,0,1,0,0,0,0,0,0,0,0,0,3,0,0,0,0,0,0,0,0
ERR2683262,MGYS00003139,1045,2103,3025,497,5,17848,897,2,232,14276,216,912,522,21,3,26,3,1,209,0,0,0,0,0,0,35,7,0,0,44,2,53,0,3,2,59,1,0,23,0,31,8,11,685,32,0,0,1437,0,29,1,2,0,0,0,0,2,0,1,0,0,12,0,0,0,2,2,0,0,0,0,0,2,0,0,0,0,0,0,0,0,0,0,0,0,0
ERR2683263,MGYS00003139,211,1657,3853,86,5,22594,2434,8,29,20439,39,215,617,95,6,56,10,0,394,12,0,0,0,0,0,64,0,0,0,41,1,14,0,19,8,21,0,0,26,0,35,33,11,50,3,0,0,331,0,0,1,1,0,0,0,0,6,0,0,0,0,5,0,0,0,0,0,0,0,0,0,2,0,0,0,0,0,0,0,0,0,0,0,4,0,0
ERR2683266,MGYS00003139,878,4338,3396,221,9,27616,432,0,56,26641,159,176,661,115,4,101,11,0,168,26,0,0,0,0,0,23,1,0,1,152,0,8,0,41,0,101,5,0,22,0,24,19,48,91,5,0,0,1364,0,3,0,0,1,0,0,0,32,0,1,0,0,6,6,0,0,0,1,0,0,0,0,0,0,1,0,0,0,0,0,0,0,0,0,5,0,0
ERR2683267,MGYS00003139,81,993,7831,78,13,10125,342,7,13,87557,144,82,113,21,2,21,2,0,45,5,0,0,0,0,0,30,2,0,0,102,0,4,0,24,0,38,0,0,30,0,21,15,21,23,23,0,0,131,2,2,1,0,1,0,0,0,3,0,0,0,0,4,0,0,0,0,0,0,0,0,0,0,0,0,0,0,0,1,0,0,0,0,0,2,0,0
ERR2683269,MGYS00003139,100,591,16085,131,4,4317,195,3,6,73317,11,35,55,13,8,18,3,0,66,3,0,0,0,0,0,18,0,0,0,81,0,8,0,0,0,11,2,0,7,0,7,13,8,29,3,0,0,143,3,0,2,0,0,0,0,0,8,0,0,0,0,4,0,0,0,1,0,0,0,0,0,0,0,0,0,0,0,0,0,0,0,0,0,1,0,0
ERR2683270,MGYS00003139,1092,853,1669,3287,2,8507,520,0,471,3452,252,178,1569,17,2,12,13,1,85,6,0,0,0,0,0,87,3,0,0,248,0,289,0,24,2,1611,2,0,15,0,29,6,34,750,16,0,0,4090,0,134,1,1,0,0,0,0,0,0,0,0,0,0,0,0,0,0,0,0,0,0,0,0,1,0,0,0,0,2,0,0,0,0,0,0,0,0
ERR2683271,MGYS00003139,22,4618,4570,89,12,2211,106,2,39,17627,43,68,387,18,10,16,50,3,3,75,0,0,0,0,0,285,1,2,0,82,0,12,0,1,0,71,0,0,311,0,30,17,26,16,3,1,0,45,2,0,15,5,30,6,0,0,891,1,102,2,2,35,0,0,0,79,47,3,0,0,0,1,1,5,3,0,0,2,3,0,0,4,0,2,0,0
ERR2683272,MGYS00003139,1326,2255,1840,147,1,12236,958,1,77,38793,100,232,738,240,5,74,6,0,188,1,0,0,0,0,0,51,8,0,0,76,0,4,0,4,0,46,0,0,27,1,13,6,47,52,8,0,0,550,0,0,1,2,1,1,0,0,15,0,4,0,0,17,0,0,0,0,0,1,0,0,0,0,7,0,0,0,0,20,0,0,0,0,0,0,0,0
ERR2683274,MGYS00003139,106,3476,7169,73,1,21599,6353,11,56,38009,19,165,429,215,0,39,14,0,600,25,0,0,0,0,0,405,0,0,0,63,0,6,0,2,0,37,2,0,5,1,4,44,10,32,6,0,0,175,0,0,1,0,1,0,0,0,4,0,0,0,0,85,0,0,0,2,0,0,0,0,0,0,0,0,0,0,0,0,0,0,0,0,0,0,0,0
ERR2683275,MGYS00003139,157,5640,3575,153,1,22985,12790,17,63,35970,19,175,455,792,33,126,3,2,1205,179,0,0,0,0,0,122,2,0,0,109,0,11,0,1,2,55,0,0,12,1,6,14,11,37,5,0,0,335,0,0,1,3,0,0,0,0,8,0,3,0,0,58,0,0,0,3,0,0,0,0,0,1,3,0,0,0,0,1,0,0,8,0,0,0,0,0
ERR2683278,MGYS00003139,90,2763,15134,128,5,48393,235,3,64,123114,16,71,210,23,5,50,0,0,44,0,0,0,0,0,0,15,1,0,0,60,0,8,0,2,0,100,0,0,49,0,1,3,10,33,3,0,0,206,0,1,1,0,1,0,0,1,6,0,0,0,0,15,0,0,0,0,0,0,0,0,0,0,0,0,0,0,0,1,0,0,0,0,0,0,0,0
ERR2683279,MGYS00003139,19,404,1903,14,1,2684,234,2,8,68932,10,37,40,3,1,1,0,0,36,6,0,0,0,0,0,11,0,0,1,14,0,3,0,4,0,5,0,0,3,0,1,2,3,8,1,0,0,28,0,0,0,0,0,0,0,0,0,0,1,0,0,6,0,0,0,0,0,0,0,0,0,0,0,0,0,0,0,0,0,0,0,0,0,0,0,0
ERR2683280,MGYS00003139,32,41854,881,383,3,8406,43,7,718,5050,36,15,195,80,201,475,3063,138,41,12,0,0,0,0,0,71,0,0,6,87,0,20,0,4,1,36,0,0,842,0,8,31,23,10,8,2,0,4,0,3,9,15,1,0,0,0,44,0,11,3,0,3,0,0,0,10,4,42,0,0,0,0,0,0,0,0,0,0,2,0,0,0,0,0,0,0
ERR3258496,MGYS00004715,17,195,4625,59,38,1953,332,0,49,35282,180,43,180,0,0,0,0,0,0,0,0,0,0,0,0,0,0,0,0,41,0,5,0,0,1,3,2,0,6,102,9,5,7,142,127,2,0,794,0,24,0,0,0,0,0,0,0,0,0,0,0,0,0,0,0,0,0,0,0,0,0,0,0,0,0,0,0,0,0,0,0,0,0,0,0,0
ERZ781412,MGYS00005016,3,1,6,0,0,3,1,0,0,5,0,0,0,1,3,4,0,0,6,2,0,0,0,0,0,0,0,0,0,0,0,0,0,0,0,0,0,0,0,0,0,0,0,0,0,0,0,0,0,0,1,0,0,0,0,0,0,0,1,0,0,0,0,0,0,4,0,0,0,0,0,0,0,0,0,0,0,0,0,0,0,0,0,0,0,0
ERZ781411,MGYS00005016,3,6,7,1,1,21,2,0,3,17,3,0,7,3,2,0,3,0,4,0,0,0,0,0,0,0,0,0,0,1,0,0,0,0,0,0,0,0,1,0,0,0,0,1,3,0,0,0,0,0,0,0,0,0,0,0,2,0,0,0,0,0,0,0,0,4,0,0,0,0,0,0,0,0,0,0,0,0,0,0,0,0,0,0,0,0
ERZ781410,MGYS00005016,2,2,1,0,0,3,1,0,0,9,0,0,0,7,1,1,0,0,8,2,0,0,0,0,0,1,0,0,0,0,0,0,0,0,0,0,0,0,0,0,0,0,0,0,0,0,0,0,0,0,0,0,0,0,0,0,0,0,0,0,0,0,0,0,0,4,0,0,0,0,0,0,0,0,0,0,0,0,0,0,0,0,0,0,0,0
ERZ781409,MGYS00005016,3,0,8,0,0,5,2,0,0,4,0,1,0,0,0,0,0,0,0,0,0,0,0,0,0,1,0,0,0,0,0,0,0,0,0,0,0,0,1,0,0,0,0,0,0,0,0,0,0,0,0,0,0,0,0,0,0,0,0,0,0,0,0,0,0,2,0,0,0,0,0,0,0,0,0,0,0,0,0,0,0,0,0,0,0,0
ERZ724506,MGYS00005035,0,4,9,0,0,0,0,0,0,20,0,0,0,0,0,0,0,0,1,0,0,0,0,0,0,0,0,0,0,0,0,0,0,0,0,0,0,0,0,0,1,0,1,0,0,0,0,0,0,0,0,0,0,0,0,0,0,0,0,0,0,0,0,0,0,0,0,0,0,0,0,0,0,0,0,0,0,0,0,0,0,0,0,0,0,0
ERZ724540,MGYS00005035,3,11,17,2,0,19,3,1,0,31,1,0,0,0,0,0,0,0,0,0,0,0,0,0,0,0,0,0,0,3,0,1,0,0,0,0,0,0,1,0,0,0,0,0,0,0,0,3,0,0,0,0,0,0,0,0,0,0,0,0,0,2,0,0,0,0,0,0,0,0,0,0,0,0,0,0,0,0,0,0,0,0,0,0,0,0
ERZ724559,MGYS00005035,0,3,20,3,0,0,0,2,0,22,0,0,1,0,0,0,0,0,0,0,0,0,0,0,0,0,0,0,0,0,0,0,0,0,0,0,0,0,0,0,1,1,2,0,0,0,0,0,0,0,0,0,0,0,0,0,0,0,0,0,0,0,0,0,0,0,0,0,0,0,0,0,0,0,0,0,0,0,0,0,0,0,0,0,0,0
ERZ724523,MGYS00005035,4,9,40,1,0,20,2,0,0,38,2,1,2,0,0,0,0,0,0,1,0,0,0,0,0,0,0,0,0,1,0,0,0,0,0,0,0,0,0,0,0,0,1,0,0,0,0,2,0,2,0,0,0,0,0,0,0,0,0,0,0,0,0,0,0,0,0,0,0,0,0,0,0,0,0,0,0,0,0,0,0,0,0,0,0,0
ERZ724557,MGYS00005035,1,9,18,6,2,1,0,3,4,45,1,0,3,0,0,0,0,0,0,0,0,0,0,0,0,0,0,0,0,5,0,0,0,0,0,0,0,0,0,0,0,1,0,0,0,0,0,0,0,0,0,0,0,0,0,0,0,0,0,0,0,0,0,0,0,0,0,0,0,0,0,0,0,0,0,0,0,0,0,0,0,0,0,0,0,0
ERZ724505,MGYS00005035,0,3,6,0,1,3,0,0,1,24,0,0,0,0,0,0,0,0,0,0,0,0,0,0,0,0,0,0,0,3,0,0,0,0,0,0,0,0,0,0,2,0,0,0,0,0,0,0,0,0,0,0,0,0,0,0,0,0,0,0,0,0,0,0,0,2,0,0,0,0,0,0,0,0,0,0,0,0,0,0,0,0,0,0,0,0
ERR2814645,MGYS00005056,12,764,6977,12,2,9364,683,3,11,15138,14,98,78,4,4,0,1,0,12,2,0,0,0,0,0,7,0,0,0,9,0,0,0,0,0,4,3,0,28,0,20,4,14,2,7,0,0,15,0,0,0,0,0,0,0,0,0,0,0,0,0,1,0,0,0,0,0,0,0,0,0,0,0,1,0,0,0,0,0,0,0,0,0,0,0,0
ERR2814646,MGYS00005056,18,685,4807,40,3,6284,1029,2,20,9749,332,90,147,5,0,1,3,1,2,0,0,0,0,0,0,329,0,0,0,14,0,0,0,0,0,7,0,0,68,0,19,3,9,4,24,0,0,11,0,1,2,3,0,0,0,0,28,0,0,0,0,1,0,0,0,0,0,0,0,0,0,0,0,0,0,0,0,0,0,0,0,0,0,1,0,0
ERR2814647,MGYS00005056,25,738,6106,19,14,5841,1274,6,10,16395,105,48,96,34,2,0,10,0,3,0,0,0,0,0,0,3,0,0,0,15,0,0,0,0,0,11,0,0,24,0,10,2,22,11,13,0,0,20,0,1,0,3,2,0,0,0,2,0,0,0,0,1,0,0,0,0,0,0,0,0,0,0,0,0,0,0,0,0,0,0,0,0,0,0,0,0
ERR2814648,MGYS00005056,22,787,5900,56,32,7776,529,10,17,10119,129,77,101,3,0,2,1,0,18,13,0,0,0,0,0,9,0,0,0,26,0,0,0,1,2,10,0,0,43,0,12,2,12,10,16,0,0,25,0,0,0,0,0,0,0,0,19,0,6,0,0,2,0,0,0,2,0,0,0,0,0,0,0,0,0,0,0,0,0,0,0,0,0,0,0,0
ERR2814649,MGYS00005056,17,550,4593,28,7,5259,920,2,8,9861,70,111,65,6,0,1,3,0,11,1,0,0,0,0,0,1,0,0,0,29,0,1,0,0,0,6,3,0,30,0,18,2,7,10,10,0,0,18,0,1,0,0,0,0,0,0,1,0,0,0,0,0,0,0,0,0,0,0,0,0,0,0,0,0,0,0,0,0,0,0,0,0,0,1,0,0
ERR2814650,MGYS00005056,21,591,4950,34,7,5586,988,2,10,10656,70,116,73,7,2,0,5,0,4,1,0,0,0,0,0,1,1,0,0,34,0,1,0,0,0,7,0,0,34,0,29,3,9,9,15,0,0,21,0,3,0,1,1,0,0,0,1,0,0,0,0,0,0,0,0,0,0,0,0,0,0,0,0,0,0,0,0,1,0,0,0,0,0,2,0,0
ERR2814651,MGYS00005056,81,363,3543,98,4,4106,1525,15,19,18355,203,42,111,5,0,1,4,1,5,0,0,0,0,0,0,1,0,0,1,18,0,5,0,3,0,18,1,0,22,0,23,4,11,12,20,0,0,55,0,17,2,0,0,0,0,0,0,0,0,0,0,2,0,0,0,0,0,0,0,0,0,0,0,0,0,0,0,0,0,0,0,0,0,0,0,0
ERR2814652,MGYS00005056,75,877,6141,179,1,7977,971,3,14,11242,61,61,118,14,5,1,1,0,18,0,0,0,0,0,0,104,1,0,0,14,0,0,0,3,0,5,1,0,27,0,20,1,10,11,19,0,0,33,0,1,0,0,0,0,0,0,2,0,0,0,0,0,0,0,0,3,0,0,0,0,0,0,0,0,0,0,0,0,0,0,0,0,0,0,0,0
ERR2814653,MGYS00005056,15,1378,7312,21,11,11831,571,123,45,14588,49,113,184,18,1,3,1,0,14,3,0,0,0,0,0,3,0,0,0,37,0,7,0,0,0,9,0,0,49,1,38,10,10,4,26,0,0,8,0,3,9,1,0,0,0,1,2,0,0,0,0,11,0,0,0,3,0,1,0,0,0,1,0,0,0,0,0,0,0,0,0,0,0,0,0,0
ERR2814654,MGYS00005056,18,1521,7862,37,11,12828,611,133,48,15677,58,121,197,26,2,1,3,0,7,2,0,0,0,0,0,7,0,1,0,45,0,5,0,1,0,7,0,0,50,0,33,11,10,6,28,0,0,10,0,3,17,1,1,0,0,2,2,0,1,0,0,5,0,0,0,0,0,1,0,0,0,1,0,0,0,0,0,0,0,0,0,0,0,0,0,0
ERR2814655,MGYS00005056,22,1140,5211,20,2,6233,1197,7,9,12242,171,112,180,23,1,0,1,0,3,0,0,0,0,0,0,2,1,0,0,21,0,2,0,1,0,18,1,0,59,0,29,8,20,14,14,0,0,31,0,5,0,0,1,0,0,0,0,0,0,0,0,2,0,0,0,1,0,0,0,0,0,0,0,0,0,0,0,1,0,0,0,0,0,0,0,0
ERR2814656,MGYS00005056,16,573,5291,117,4,6668,410,2,17,9830,56,60,83,4,2,0,3,0,4,0,0,0,0,0,0,2,0,0,1,30,0,1,0,0,0,9,2,0,26,0,14,12,23,7,9,0,0,14,0,2,1,0,1,0,0,0,0,0,1,0,0,3,0,0,0,0,0,0,0,0,0,1,0,0,0,0,0,0,0,0,0,0,0,0,0,0
ERR2814657,MGYS00005056,62,700,5696,22,9,11458,993,0,7,11446,78,107,66,52,6,4,4,0,8,2,0,0,0,0,0,4,0,0,0,7,0,1,0,0,1,8,5,0,34,0,48,0,23,21,11,0,0,26,0,0,0,0,2,0,0,0,2,0,0,0,0,1,0,0,0,1,0,0,0,0,0,1,0,0,0,0,0,1,0,0,0,0,0,0,0,0
ERR2814658,MGYS00005056,75,844,5948,167,0,7588,935,2,14,10751,60,51,108,12,4,3,4,0,19,0,0,0,0,0,0,96,0,0,0,14,0,1,0,3,0,8,0,0,31,0,16,1,9,10,23,0,0,33,0,2,0,1,0,0,0,0,5,0,0,0,0,1,0,0,0,1,0,0,0,0,0,0,0,1,0,0,0,0,0,0,0,0,0,0,0,0
ERR2814659,MGYS00005056,80,342,3277,71,4,3864,1366,8,15,17141,177,43,97,3,0,2,4,0,6,0,0,0,0,0,0,1,0,0,1,15,0,1,0,5,1,17,0,0,17,0,15,3,8,8,20,0,0,59,0,16,3,1,0,0,0,0,0,0,1,0,0,3,0,0,0,0,0,0,0,0,0,0,0,0,1,0,0,0,0,0,0,0,0,0,0,0
ERR2814660,MGYS00005056,20,811,5183,36,4,6757,1134,2,20,10513,382,92,156,12,2,0,1,0,5,1,0,0,0,0,0,337,0,0,0,24,0,1,0,0,0,7,1,0,66,0,32,3,8,8,28,0,0,11,0,0,0,5,0,0,0,0,29,0,0,0,0,2,0,0,0,0,0,0,0,0,0,0,0,1,0,0,0,1,0,0,2,0,0,0,0,0
ERR2814661,MGYS00005056,21,639,5725,110,3,7120,433,2,20,10640,76,61,83,4,2,0,5,0,8,0,0,0,0,0,0,3,0,0,1,27,0,0,0,0,1,10,3,0,24,0,12,10,26,6,10,0,0,24,0,2,1,0,2,0,0,0,0,0,2,0,0,4,0,0,0,0,0,0,0,0,0,0,0,0,0,0,0,0,0,0,0,1,0,0,0,0
ERR2814662,MGYS00005056,22,824,6179,60,36,8296,536,12,16,10709,137,79,119,4,1,0,0,0,16,11,0,0,0,0,0,8,0,0,0,30,0,0,0,0,0,8,0,0,42,0,13,2,13,8,16,0,0,25,0,0,0,0,1,0,0,0,21,0,3,0,0,1,0,0,0,2,0,0,0,0,0,0,0,0,0,0,0,0,0,0,0,0,0,0,0,0
ERR2814663,MGYS00005056,10,723,6605,10,3,8715,664,1,7,14299,11,88,80,2,6,0,0,0,16,3,0,0,0,0,0,1,0,0,0,18,0,0,0,0,0,3,3,0,18,0,24,0,13,3,6,0,0,8,0,0,1,0,0,0,0,0,0,0,0,0,0,0,0,0,0,0,0,0,0,0,0,0,0,0,0,0,0,0,0,0,1,0,0,0,0,0
ERR2814664,MGYS00005056,28,667,5674,22,12,5369,1174,5,9,15406,111,38,98,32,3,1,12,0,4,0,0,0,0,0,0,4,0,0,1,13,0,0,0,0,0,9,0,0,26,0,12,3,12,9,13,0,0,25,0,0,0,0,0,0,0,0,1,0,0,0,0,2,0,0,0,0,0,0,0,0,0,0,0,0,0,0,0,0,0,0,0,0,0,0,0,0
ERR2814665,MGYS00005056,14,322,3309,13,3,4358,426,4,6,12082,20,32,71,7,0,0,1,0,11,0,0,0,0,0,0,1,0,0,2,15,3,1,0,1,0,2,0,0,29,5,6,2,6,2,10,0,0,15,0,1,0,0,0,0,0,0,0,0,0,0,0,0,0,0,0,4,0,0,0,0,0,0,0,1,0,0,0,0,0,0,2,1,0,0,0,0
ERR2814666,MGYS00005056,14,371,3615,18,3,4747,462,4,9,13036,26,40,68,14,2,1,3,0,12,1,0,0,0,0,0,0,0,0,2,17,2,1,0,0,0,1,0,0,29,3,10,2,4,1,10,0,0,16,0,1,0,1,0,0,0,0,0,0,0,0,0,0,0,0,0,1,0,0,0,0,0,0,0,1,0,0,0,0,0,0,2,0,0,0,0,0
ERR2814667,MGYS00005056,62,772,6152,13,10,12338,1059,1,8,12250,89,106,64,60,6,2,4,0,12,3,0,0,0,0,0,3,0,0,0,6,0,0,0,0,1,12,4,0,38,0,55,2,30,25,11,0,0,23,0,0,2,0,1,0,0,0,2,0,0,0,0,1,0,0,0,2,0,0,0,0,0,0,1,0,0,0,0,0,0,0,0,1,0,0,0,0
ERR2814668,MGYS00005056,23,1283,5738,36,3,6904,1317,5,16,13566,195,134,196,24,0,2,5,0,5,0,0,0,0,0,0,2,1,0,0,26,0,1,0,2,0,17,0,0,64,0,34,6,22,14,16,0,0,33,0,4,0,1,0,0,0,0,1,0,0,0,0,2,0,0,0,0,0,0,0,0,0,0,0,0,0,0,0,1,0,0,0,0,0,0,0,0
ERR2985255,MGYS00005058,2,339,777,54,6,412,51,9,27,2790,55,8,88,0,0,0,0,0,8,7,0,0,0,0,0,4,0,1,1,41,0,1,0,1,0,13,1,0,68,0,2,9,26,3,6,0,0,8,0,0,0,1,2,0,0,0,1,0,0,0,0,1,0,0,0,11,0,0,0,0,0,1,0,0,0,0,0,0,0,0,0,0,0,0,0,0
ERR2985256,MGYS00005058,7,723,1807,23,2,469,68,23,52,5293,96,3,96,17,1,0,1,2,7,50,0,0,0,0,0,5,0,0,0,21,0,2,0,0,0,48,0,0,52,0,4,16,21,1,4,0,0,13,0,0,5,1,11,0,0,0,11,0,2,0,0,5,0,0,0,1,0,0,0,0,0,0,0,1,0,0,0,0,5,0,0,0,0,0,0,0
ERR2985257,MGYS00005058,11,140,509,106,3,202,53,11,32,18022,50,3,67,2,1,0,0,0,1,3,0,0,0,0,0,3,0,0,0,8,0,0,0,0,0,29,1,0,19,0,1,0,7,2,6,0,0,8,0,3,3,0,1,0,0,0,2,0,4,0,0,10,0,0,0,2,0,0,0,0,0,3,0,0,0,0,0,0,0,0,0,0,0,1,0,0
ERR2985258,MGYS00005058,9,268,533,19,2,625,106,3,8,3152,27,11,82,1,2,1,1,1,5,32,0,0,0,0,0,5,0,0,0,13,0,0,0,0,0,48,0,0,7,0,16,6,8,2,8,0,0,4,0,0,0,0,0,0,0,0,8,0,2,2,0,13,0,0,0,5,0,0,0,0,0,18,0,0,0,0,0,0,0,0,0,0,0,3,0,0
ERR2985259,MGYS00005058,5,244,443,37,0,183,31,0,11,3155,97,5,42,7,1,0,0,0,8,11,0,0,0,0,0,678,0,1,0,12,0,0,0,0,0,13,0,0,52,0,4,6,5,6,2,0,0,0,0,0,1,10,1,0,0,0,1,0,0,0,0,5,0,0,0,1,0,0,0,0,0,0,0,1,0,0,0,2,0,0,2,0,0,1,0,0
ERR2985260,MGYS00005058,30,307,847,63,2,554,58,2,20,2798,16,3,56,5,0,1,3,0,10,3,0,0,0,0,0,2,0,0,0,9,0,0,0,0,0,3,0,0,14,0,0,8,11,2,2,0,0,9,0,0,6,0,1,0,0,1,7,0,0,0,0,2,0,0,0,7,0,0,0,0,0,0,0,1,0,0,0,0,0,0,0,0,0,0,0,0
ERR2985261,MGYS00005058,3,578,532,38,2,295,21,23,30,4336,46,4,76,3,1,0,3,1,1,7,0,0,0,0,0,0,0,0,0,14,0,4,0,0,0,81,0,0,42,0,1,8,15,1,4,0,0,4,0,0,1,1,2,0,0,0,17,0,0,1,0,2,0,0,0,2,0,0,0,0,0,0,0,0,0,0,0,0,0,0,0,0,0,0,0,0
ERR2985262,MGYS00005058,8,767,1897,24,2,495,66,26,57,5477,95,5,102,17,1,3,4,1,10,55,0,0,0,0,0,0,0,0,0,33,0,2,0,0,1,49,0,0,57,0,3,17,24,5,6,0,0,8,0,0,6,3,6,1,0,0,12,0,4,0,0,7,0,0,0,1,0,0,0,0,0,0,0,1,0,0,0,5,12,0,0,0,1,0,0,0
ERR2985263,MGYS00005058,3,496,428,53,1,223,34,10,11,3195,47,17,44,0,0,1,0,0,3,6,0,0,0,0,0,1,0,0,0,25,0,0,0,1,0,3,1,0,68,0,11,3,16,4,1,0,0,7,0,0,0,0,2,0,0,1,1,0,1,0,0,2,0,0,0,1,0,0,0,0,0,0,0,0,0,0,0,0,0,0,1,0,0,0,0,0
ERR2985264,MGYS00005058,5,233,409,34,0,180,34,0,5,2835,95,6,32,5,0,1,1,1,6,8,0,0,0,0,0,691,0,0,0,13,0,0,0,0,0,14,0,0,51,0,3,5,3,4,2,0,0,2,0,0,0,13,5,0,0,0,2,0,0,0,0,2,0,0,0,0,0,0,0,0,0,0,1,0,0,0,0,2,0,0,3,0,0,0,0,0
ERR2985265,MGYS00005058,24,301,794,55,1,500,58,2,15,2518,15,4,49,1,2,1,1,1,11,4,0,0,0,0,0,4,1,0,0,7,0,0,0,0,0,1,0,0,11,0,1,7,6,2,1,0,0,4,0,0,2,0,0,0,0,1,4,0,0,0,0,0,0,0,0,5,0,0,0,0,0,0,0,0,0,0,0,0,0,0,0,0,0,0,0,0
ERR2985266,MGYS00005058,3,552,445,56,2,232,32,8,14,3535,56,13,52,0,4,0,0,0,2,7,0,0,0,0,0,1,0,0,0,32,0,0,0,1,0,2,0,0,74,0,15,4,17,5,2,0,0,9,0,0,0,0,1,0,0,2,1,0,1,0,0,2,0,0,0,1,0,0,0,0,0,0,0,0,0,0,0,0,0,0,0,0,0,0,0,0
ERR2985267,MGYS00005058,12,600,808,223,0,222,14,108,84,7592,63,7,132,7,5,4,1,0,112,92,0,0,0,0,0,11,0,0,0,61,0,2,0,0,1,41,0,0,38,0,1,27,11,6,3,0,0,9,0,1,3,0,2,2,0,0,35,0,30,1,0,12,0,0,0,11,0,1,0,0,0,1,3,1,0,0,0,5,2,0,6,0,0,0,0,0
ERR2985268,MGYS00005058,2,382,833,56,8,443,49,9,27,2908,62,10,101,1,0,0,0,0,7,9,0,0,0,0,0,1,0,1,1,47,0,1,0,1,0,19,2,0,80,0,3,9,26,2,6,0,0,8,0,0,0,0,2,0,0,0,2,0,0,0,0,1,0,0,0,3,0,0,0,0,0,0,0,0,0,0,0,0,0,0,0,0,0,0,0,0
ERR2985269,MGYS00005058,3,164,524,37,1,413,41,18,27,1789,59,10,43,6,0,2,2,3,6,3,0,0,0,0,0,280,0,0,0,31,0,2,0,0,0,49,0,0,21,0,3,8,10,3,3,0,0,5,0,0,39,3,1,0,0,0,7,0,0,1,0,17,0,0,0,3,0,2,0,0,0,3,0,0,0,0,0,1,0,0,0,0,0,0,0,0
ERR2985270,MGYS00005058,8,131,471,79,3,196,52,9,24,16432,45,2,55,3,4,0,1,0,2,3,0,0,0,0,0,1,0,0,0,8,0,0,0,0,1,28,0,0,15,0,1,1,5,2,4,0,0,3,0,2,2,1,0,0,0,0,2,0,5,0,0,8,0,0,0,2,0,0,0,0,0,1,0,1,0,0,0,0,0,0,0,0,0,2,0,0
ERR2985271,MGYS00005058,7,242,524,16,3,608,104,1,5,2996,32,5,72,3,2,1,1,0,7,35,0,0,0,0,0,4,0,0,0,16,0,0,0,0,0,46,0,0,4,0,9,3,6,2,8,0,0,4,0,0,0,0,0,0,0,0,9,0,0,0,0,14,0,0,0,5,0,0,0,0,0,17,0,1,0,0,0,0,0,0,0,0,0,3,0,0
ERR2985272,MGYS00005058,8,179,1700,48,3,1682,82,25,3,10840,11,18,57,2,0,6,0,0,44,1,0,0,0,0,0,2,0,0,0,14,0,0,0,0,0,17,0,0,25,0,6,1,7,0,5,0,0,14,0,0,0,2,0,0,0,0,1,0,0,0,0,0,0,0,0,2,0,0,0,0,0,1,0,0,0,0,0,0,0,0,1,0,0,1,0,0
ERR2985273,MGYS00005058,6,170,1592,37,3,1556,65,22,2,10125,11,19,41,2,1,2,1,0,45,1,0,0,0,0,0,2,0,0,0,8,0,0,0,0,0,13,0,0,16,0,5,1,2,0,4,0,0,16,0,0,0,0,0,0,0,0,0,0,1,0,0,0,0,0,0,3,0,0,0,0,0,1,0,0,0,0,0,0,0,0,1,0,0,3,0,0
ERR2985274,MGYS00005058,11,741,980,255,0,250,14,114,97,8317,78,10,143,9,5,3,1,2,116,120,0,0,0,0,0,11,0,0,0,69,0,1,0,0,1,52,0,0,41,0,1,31,13,2,4,0,0,2,0,0,1,1,1,1,0,0,34,0,29,1,0,14,0,0,0,13,0,0,0,0,0,2,1,0,0,1,0,2,2,0,3,0,0,1,0,0
ERR2985275,MGYS00005058,31,722,923,19,2,378,35,6,6,6189,174,33,115,6,1,5,0,0,6,7,0,0,0,0,0,2,0,0,0,4,0,2,0,0,1,28,0,0,28,0,8,47,5,5,11,0,0,12,0,0,0,2,0,0,0,0,0,0,2,0,0,16,0,0,0,27,0,0,0,0,0,0,0,0,0,0,0,1,0,0,0,0,0,0,0,0
ERR2985276,MGYS00005058,3,600,554,42,2,313,25,27,33,4699,49,5,74,2,1,1,4,0,2,7,0,0,0,0,0,2,0,0,0,23,0,3,0,0,0,102,0,0,41,0,1,11,12,3,3,0,0,3,0,0,5,0,2,0,0,0,15,0,0,0,0,3,0,0,0,5,0,0,0,0,0,0,0,0,0,0,0,0,0,0,2,0,0,5,0,0
ERR2985277,MGYS00005058,3,199,579,42,2,457,50,18,32,1935,67,10,58,7,0,1,0,2,9,4,0,0,0,0,0,284,0,0,0,32,0,2,0,0,0,51,0,0,23,0,3,7,10,1,2,2,0,3,0,0,50,1,1,0,0,0,6,0,0,0,0,17,0,0,0,2,0,0,0,0,0,0,0,1,0,0,0,0,0,0,0,0,0,0,0,0
ERR2985278,MGYS00005058,36,781,1000,17,2,399,38,8,14,6612,196,39,136,8,1,2,5,0,7,9,0,0,0,0,0,1,0,0,0,5,0,0,0,0,0,33,0,0,26,0,8,49,4,5,11,0,0,15,0,0,0,3,3,0,0,1,0,0,0,0,0,25,0,0,0,30,0,0,0,0,0,0,0,0,0,0,0,0,0,0,0,0,0,1,0,0
ERZ1026792,MGYS00005431,6,19,25,29,0,27,1,1,4,30,7,3,6,0,0,0,0,0,0,0,0,0,0,0,0,0,0,0,0,6,0,2,0,1,0,1,0,0,0,0,1,0,5,1,0,0,0,13,0,2,0,0,0,0,0,0,0,0,0,0,0,0,0,0,0,0,0,0,0,0,0,0,0,0,0,0,0,0,0,0,0,0,0,0,0,0
ERZ1026805,MGYS00005431,10,5,9,15,0,12,0,0,3,16,3,1,1,0,0,0,0,0,0,0,0,0,0,0,0,0,1,0,0,4,0,1,0,2,0,0,0,0,0,0,0,0,0,0,1,0,0,5,0,2,0,0,0,0,0,0,0,0,0,0,0,2,0,0,0,0,0,0,0,0,0,0,0,0,0,0,0,0,0,0,0,0,0,0,0,0
ERZ1026796,MGYS00005431,6,24,29,31,0,23,1,1,4,37,7,5,6,0,0,0,0,0,0,0,0,0,0,0,0,0,0,0,0,6,0,2,0,0,0,1,0,0,0,0,3,0,4,1,0,0,0,7,0,4,0,0,0,0,0,0,0,0,0,0,0,1,0,0,0,0,0,0,0,0,0,0,0,0,0,0,0,0,0,0,0,0,0,0,0,0
ERZ1026800,MGYS00005431,11,12,28,29,0,22,0,0,4,29,6,2,4,0,0,0,0,0,0,0,0,0,0,0,0,0,0,0,0,2,0,2,0,2,0,2,0,0,0,0,0,0,2,0,0,0,0,10,0,2,0,0,0,0,0,0,0,0,0,0,0,1,0,0,0,0,0,0,0,0,0,0,0,0,0,0,0,0,0,0,0,0,0,0,0,0
ERZ1026810,MGYS00005431,11,15,27,20,0,42,1,0,3,36,4,2,4,0,0,0,0,0,0,0,0,0,0,0,0,0,0,0,0,3,0,1,0,0,0,1,0,0,0,0,2,0,2,0,0,0,0,6,0,3,0,0,0,0,0,0,0,0,0,0,0,0,0,0,0,0,0,0,0,0,0,0,0,0,0,0,0,0,0,0,0,0,0,0,0,0
ERZ1026814,MGYS00005431,10,23,24,31,0,64,1,0,6,47,3,5,5,0,0,0,0,0,0,0,0,0,0,0,0,0,0,0,0,8,0,2,0,1,0,0,0,0,0,0,0,0,5,1,0,0,0,8,0,3,0,0,0,0,0,0,0,0,0,0,0,1,0,0,0,0,0,0,0,0,0,0,0,0,0,0,0,0,0,0,0,0,0,0,0,0
ERR1857181,MGYS00001566,3,17,466,0,0,414,0,0,2,105,0,10,3,0,0,0,0,0,0,0,0,0,0,0,0,0,0,0,0,0,0,0,0,0,0,0,0,0,7,0,0,0,0,0,2,0,0,2,0,0,0,0,0,0,0,0,0,0,0,0,0,0,0,0,0,0,0,0,0,0,0,0,0,0,0,0,0,0,0,0,0,0,0,0,0,0
ERR1857182,MGYS00001566,2,31,431,0,0,304,0,0,0,75,5,10,1,0,0,0,0,0,0,0,0,0,0,0,0,0,0,0,0,0,0,0,0,0,0,0,0,0,50,0,0,0,0,0,0,0,0,0,0,0,0,0,0,0,0,0,0,0,0,0,0,0,0,0,0,0,0,0,0,0,0,0,0,0,0,0,0,0,0,0,0,0,0,0,0,0
ERR1857183,MGYS00001566,1,31,409,1,0,317,0,0,0,88,2,8,0,0,0,0,0,0,0,0,0,0,0,0,0,0,0,0,0,0,0,1,0,0,0,0,0,0,6,0,0,0,0,0,0,0,0,1,0,0,0,0,0,0,0,0,0,0,0,0,0,0,0,0,0,0,0,0,0,0,0,0,0,0,0,0,0,0,0,0,0,0,0,0,0,0
ERR1857184,MGYS00001566,0,38,378,1,0,480,0,0,0,169,7,27,5,0,0,0,0,0,0,0,0,0,0,0,0,0,0,0,0,0,0,0,0,0,0,0,0,0,12,0,5,0,0,0,3,0,0,0,0,0,0,0,0,0,0,0,0,0,0,0,0,0,0,0,0,0,0,0,0,0,0,0,0,0,0,0,0,0,0,0,0,0,0,0,0,0
ERR1857185,MGYS00001566,2,25,165,0,0,221,0,0,0,58,3,7,1,0,0,0,0,0,0,0,0,0,0,0,0,0,0,0,0,0,0,0,0,0,0,0,0,0,13,0,0,1,0,0,2,0,0,1,0,0,0,0,0,0,0,0,0,0,0,0,0,0,0,0,0,0,0,0,0,0,0,0,0,0,0,0,0,0,0,0,0,0,0,0,0,0
ERR1857186,MGYS00001566,0,18,165,0,1,198,0,0,0,46,4,7,0,0,0,0,0,0,0,0,0,0,0,0,0,0,0,0,0,0,0,0,0,0,0,0,0,0,4,0,0,0,0,0,1,0,0,1,0,0,0,0,0,0,0,0,0,0,0,0,0,0,0,0,0,0,0,0,0,0,0,0,0,0,0,0,0,0,0,0,0,0,0,0,0,0
ERR1857187,MGYS00001566,13,132,1622,2,0,1450,0,0,4,569,33,49,6,0,0,0,0,0,0,0,0,0,0,0,0,0,0,0,0,5,0,1,0,0,0,0,1,0,47,0,5,1,0,0,4,0,0,3,0,0,0,0,0,0,0,0,0,0,0,0,0,0,0,0,0,0,0,0,0,0,0,0,0,0,0,0,0,0,0,0,0,0,0,0,0,0
ERR1857188,MGYS00001566,8,90,1568,0,0,1361,2,0,0,550,37,47,10,0,0,0,0,0,0,0,0,0,0,0,0,0,0,0,0,0,0,0,0,0,0,1,0,0,30,0,4,0,0,0,6,0,0,6,0,0,0,0,0,0,0,0,0,0,0,0,0,0,0,0,0,0,0,0,0,0,0,0,0,0,0,0,0,0,0,0,0,0,0,0,0,0
ERR1857189,MGYS00001566,6,82,1406,0,0,1089,0,1,2,584,33,33,9,0,0,0,0,0,0,0,0,0,0,0,0,0,0,0,0,1,0,0,0,0,0,0,0,0,44,0,3,0,0,0,5,0,0,0,0,0,0,0,0,0,0,0,0,0,0,0,0,0,0,0,0,0,0,0,0,0,0,0,0,0,0,0,0,0,0,0,0,0,0,0,0,0
ERR1857190,MGYS00001566,11,3,28,4,0,25,0,0,3,10,5,1,0,0,0,0,0,0,0,0,0,0,0,0,0,0,0,0,0,0,0,1,0,0,0,0,0,0,4,0,1,0,0,0,0,0,0,0,0,0,0,0,0,0,0,0,0,0,0,0,0,0,0,0,0,0,0,0,0,0,0,0,0,0,0,0,0,0,0,0,0,0,0,0,1,0
ERR1857191,MGYS00001566,9,9,47,8,0,98,0,0,0,34,11,0,4,0,0,0,0,0,0,0,0,0,0,0,0,0,0,0,0,0,0,1,0,0,0,0,1,0,4,0,4,0,0,0,5,0,0,6,0,0,0,0,0,0,0,0,0,0,0,0,0,0,0,0,0,0,0,0,0,0,0,0,0,0,0,0,0,0,0,0,0,0,0,0,0,0
ERR1857192,MGYS00001566,13,2,55,13,0,40,0,0,3,34,6,0,5,0,0,0,0,0,0,0,0,0,0,0,0,0,0,0,0,0,0,0,0,0,0,0,0,0,4,0,1,0,0,0,0,0,0,1,0,0,0,0,0,0,0,0,0,0,0,0,0,0,0,0,0,0,0,0,0,0,0,0,0,0,0,0,0,0,0,0,0,0,0,0,0,0
ERR1857193,MGYS00001566,10,2,76,17,0,49,0,0,4,27,29,4,6,0,0,0,0,0,0,0,0,0,0,0,0,0,0,0,0,1,0,0,0,0,0,0,0,0,8,0,1,0,0,0,1,0,0,4,0,0,0,0,0,0,0,0,0,0,0,0,0,0,0,0,0,0,0,0,0,0,0,0,0,0,0,0,0,0,0,0,0,0,0,0,1,2
ERR1857194,MGYS00001566,31,3,46,10,0,61,0,0,6,36,23,3,0,0,0,0,0,0,0,0,0,0,0,0,0,0,0,0,0,0,0,0,0,0,0,0,0,0,5,0,5,0,0,0,3,0,0,7,0,0,0,0,0,0,0,0,0,0,0,0,0,0,0,0,0,0,0,0,0,0,0,0,0,0,0,0,0,0,0,0,0,0,0,0,1,0
ERR1857195,MGYS00001566,26,12,81,10,0,121,0,0,1,66,24,5,4,0,0,0,0,0,0,0,0,0,0,0,0,0,0,0,0,2,0,0,0,0,0,0,0,0,3,0,0,0,0,0,1,0,0,6,0,0,0,0,0,0,0,0,0,0,0,0,0,0,0,0,0,0,0,0,0,0,0,0,0,0,0,0,0,0,0,0,0,0,0,0,2,0
ERR1857196,MGYS00001566,23,4,108,10,0,126,0,0,5,61,32,10,8,0,0,0,0,0,0,0,0,0,0,0,0,0,0,0,0,1,0,2,0,0,0,0,1,0,4,0,1,0,0,0,2,0,0,10,0,7,0,0,0,0,0,0,0,0,0,0,0,0,0,0,0,0,0,0,0,0,0,0,0,0,0,0,0,0,0,0,0,0,0,0,0,0
ERR1857197,MGYS00001566,45,9,155,21,0,240,0,2,4,60,36,10,17,0,0,0,0,0,0,0,0,0,0,0,0,0,0,0,0,4,0,0,0,0,0,0,0,0,6,0,4,2,0,0,0,0,0,14,0,6,0,0,0,0,0,0,0,0,0,0,0,0,0,0,0,0,0,0,0,0,0,0,0,0,0,0,0,0,0,0,0,0,0,0,0,0
ERR1857198,MGYS00001566,40,33,160,23,1,148,0,0,9,109,65,2,8,0,0,0,0,0,0,0,0,0,0,0,0,0,0,0,0,10,0,3,0,0,0,0,0,0,24,0,4,4,0,0,1,0,0,6,0,2,0,0,0,0,0,0,0,0,0,0,0,0,0,0,0,0,0,0,0,0,0,0,0,0,0,0,0,0,0,0,0,0,0,0,0,0
ERR1857199,MGYS00001566,12,6,106,7,0,140,0,0,3,47,70,10,6,0,0,0,0,0,0,0,0,0,0,0,0,0,0,0,0,0,0,0,0,0,0,0,1,0,8,0,2,0,0,0,20,0,0,8,0,4,0,0,0,0,0,0,0,0,0,0,0,0,0,0,0,0,0,0,0,0,0,0,0,0,0,0,0,0,0,0,0,0,0,0,3,0
ERR1857200,MGYS00001566,16,3,47,4,0,79,0,0,2,27,25,8,4,0,0,0,0,0,0,0,0,0,0,0,0,0,0,0,0,1,0,0,0,0,0,0,0,0,3,0,1,0,0,0,14,0,0,8,0,0,0,0,0,0,0,0,0,0,0,0,0,0,0,0,0,0,0,0,0,0,0,0,0,0,0,0,0,0,0,0,0,0,0,0,0,0
ERR1857201,MGYS00001566,5,2,68,2,0,66,0,0,0,41,39,13,4,0,0,0,0,0,0,0,0,0,0,0,0,0,0,0,0,1,0,0,0,0,0,0,0,0,2,0,0,0,0,0,6,0,0,2,0,0,0,0,0,0,0,0,0,0,0,0,0,0,0,0,0,0,0,0,0,0,0,0,0,0,0,0,0,0,0,0,0,0,0,0,0,0
ERR1857202,MGYS00001566,5,4,85,3,1,71,0,0,0,19,71,10,6,0,0,0,0,0,0,0,0,0,0,0,0,0,1,0,0,3,0,1,0,0,0,0,0,1,1,0,2,0,0,0,21,0,0,3,0,0,0,0,0,0,0,0,0,0,0,0,0,0,0,0,0,0,0,0,0,0,0,0,0,0,0,0,0,0,0,0,0,0,0,0,0,1
ERR1857203,MGYS00001566,8,3,94,1,0,80,1,0,0,16,53,6,2,0,0,0,0,0,0,0,0,0,0,0,0,0,0,0,0,0,0,0,0,0,0,0,0,0,2,0,0,0,0,0,11,0,0,0,0,0,0,0,0,0,0,0,0,0,0,0,0,0,0,0,0,0,0,0,0,0,0,0,0,0,0,0,0,0,0,0,0,0,0,0,1,0
ERR1857204,MGYS00001566,4,3,56,0,0,81,1,0,1,12,67,7,3,0,0,0,0,0,0,0,0,0,0,0,0,0,0,0,0,0,0,1,0,0,0,0,0,0,4,0,0,0,0,0,21,0,0,0,0,0,0,0,0,0,0,0,0,0,0,0,0,0,0,0,0,0,0,0,0,0,0,0,0,0,0,0,0,0,0,0,0,0,0,0,0,0
ERR1857205,MGYS00001566,22,47,278,9,0,284,0,1,3,139,210,18,35,0,0,0,0,0,0,0,0,0,0,0,0,0,0,0,0,0,0,2,0,0,0,0,1,0,9,0,4,0,0,0,14,0,0,9,0,0,0,0,0,0,0,0,0,0,0,0,0,0,0,0,0,0,0,0,0,0,0,0,0,0,0,0,0,0,0,0,0,0,0,0,2,0
ERR1857206,MGYS00001566,16,55,143,4,0,170,0,0,0,101,103,7,17,0,0,0,0,0,0,0,0,0,0,0,0,0,0,0,0,0,0,1,0,0,0,0,0,0,9,0,1,0,0,0,10,0,0,3,0,1,0,0,0,0,0,0,0,0,0,0,0,0,0,0,0,0,0,0,0,0,0,0,0,0,0,0,0,0,0,0,0,0,0,0,0,0
ERR1857207,MGYS00001566,15,11,176,4,0,187,1,0,6,65,102,10,20,0,0,0,0,0,0,0,0,0,0,0,0,0,0,0,0,3,0,0,0,0,0,0,0,0,11,0,5,0,0,0,12,0,0,11,0,5,0,0,0,0,0,0,0,0,0,0,0,0,0,0,0,0,0,0,0,0,0,0,0,0,0,0,0,0,0,0,0,0,0,0,0,0
ERR1857208,MGYS00001566,0,4,48,7,0,11,0,0,2,49,2,0,1,0,0,0,0,0,0,0,0,0,0,0,0,0,0,0,0,3,0,1,0,0,0,0,0,0,187,0,0,0,0,0,0,0,0,0,0,0,0,0,0,0,0,0,0,0,0,0,0,0,0,0,0,0,0,0,0,0,0,0,0,0,0,0,0,0,0,0,0,0,0,0,0,0
ERR1857209,MGYS00001566,0,11,50,8,0,25,0,0,5,71,0,0,0,0,0,0,0,0,0,0,0,0,0,0,0,0,0,0,0,7,0,1,0,0,0,0,0,0,174,0,0,0,0,0,0,0,0,1,0,0,0,0,0,0,0,0,0,0,0,0,0,0,0,0,0,0,0,0,0,0,0,0,0,0,0,0,0,0,0,0,0,0,0,0,0,0
ERR1857210,MGYS00001566,0,14,65,4,0,21,0,0,8,103,4,1,0,0,0,0,0,0,0,0,0,0,0,0,0,0,0,0,0,2,0,0,0,0,0,0,0,0,220,0,0,0,0,0,0,0,0,0,0,0,0,0,0,0,0,0,0,0,0,0,0,0,0,0,0,0,0,0,0,0,0,0,0,0,0,0,0,0,0,0,0,0,0,0,0,0
ERR1857211,MGYS00001566,2,40,161,13,0,125,0,0,15,224,15,1,7,0,0,0,0,0,0,0,0,0,0,0,0,0,0,0,0,6,0,4,0,0,0,0,0,0,572,0,0,2,0,0,6,0,0,0,0,0,0,0,0,0,0,0,0,0,0,0,0,0,0,0,0,0,0,0,0,0,0,0,0,0,0,0,0,0,0,0,0,0,0,0,0,0
ERR1857212,MGYS00001566,2,37,161,12,0,107,0,0,10,216,6,1,9,0,0,0,0,0,0,0,0,0,0,0,0,0,0,0,0,4,0,0,0,0,0,0,0,0,671,0,0,2,0,0,3,0,0,0,0,0,0,0,0,0,0,0,0,0,0,0,0,0,0,0,0,0,0,0,0,0,0,0,0,0,0,0,0,0,0,0,0,0,0,0,0,0
ERR1857213,MGYS00001566,0,36,172,10,0,123,0,0,11,207,10,0,9,0,0,0,0,0,0,0,0,0,0,0,0,0,0,0,0,4,0,4,0,0,0,0,0,0,516,0,0,0,0,0,10,0,0,0,0,0,0,0,0,0,0,0,0,0,0,0,0,0,0,0,0,0,0,0,0,0,0,0,0,0,0,0,0,0,0,0,0,0,0,0,0,0
ERR1857214,MGYS00001566,0,36,79,10,0,35,2,1,6,211,5,0,2,0,0,0,0,0,0,0,0,0,0,0,0,0,0,0,0,9,0,1,0,0,0,0,0,0,338,0,0,2,0,0,0,0,0,0,0,0,0,0,0,0,0,0,0,0,0,0,0,0,0,0,0,0,0,0,0,0,0,0,0,0,0,0,0,0,0,0,0,0,0,0,0,0
ERR1857215,MGYS00001566,0,35,85,18,1,77,1,2,12,231,11,0,4,0,0,0,0,0,0,0,0,0,0,0,0,0,0,0,0,5,0,1,0,0,0,0,0,0,380,0,0,6,0,0,0,0,0,0,0,0,0,0,0,0,0,0,0,0,0,0,0,0,0,0,0,0,0,0,0,0,0,0,0,0,0,0,0,0,0,0,0,0,0,0,0,0
ERR1857216,MGYS00001566,1,30,67,4,0,119,2,0,3,191,5,0,6,0,0,0,0,0,0,0,0,0,0,0,0,0,0,0,0,1,0,0,0,0,0,0,0,0,252,0,0,2,0,0,0,0,0,0,0,1,0,0,0,0,0,0,0,0,0,0,0,0,0,0,0,0,0,0,0,0,0,0,0,0,0,0,0,0,0,0,0,0,0,0,0,0
ERR2041951,MGYS00001903,7,441,2109,1,4,2881,37,0,1,24352,8,22,66,0,0,0,0,0,0,0,0,0,0,0,0,0,0,0,0,0,0,0,0,1,0,0,1,0,14,2,0,0,0,0,12,0,0,9,0,0,0,0,0,0,0,0,0,0,0,0,0,0,0,0,0,0,0,0,0,0,0,0,0,0,0,0,0,0,0,0,0,0,0,0,0,0
ERR1101751,MGYS00000555,1,316,417,22,1,42,1,15,26,1017,2,1,9,0,0,0,0,0,0,0,0,0,0,0,0,0,0,0,0,8,0,0,0,0,0,4,0,0,8,0,0,6,0,0,0,0,0,0,0,0,0,0,0,0,0,0,0,0,0,0,0,0,0,0,0,0,0,0,0,0,0,0,0,0,0,0,0,0,0,0,0,0,0,0,0,0
