assembly_run_ids,study_id,Euryarchaeota,Acidobacteria,Actinobacteria,Armatimonadetes,Bacteroidetes,Balneolaeota,Caldiserica,Chlamydiae,Chloroflexi,Coprothermobacterota,Cyanobacteria,Deferribacteres,Elusimicrobia,Fibrobacteres,Firmicutes,Fusobacteria,Gemmatimonadetes,Ignavibacteriae,Kiritimatiellaeota,Lentisphaerae,Nitrospirae,Planctomycetes,Proteobacteria,Spirochaetes,Synergistetes,Tenericutes,Verrucomicrobia,Ascomycota,Basidiomycota,Cryptomycota,Arthropoda,Chordata,Gastrotricha,Mollusca,Nematoda,Rotifera,Apicomplexa,Cercozoa,Ciliophora,Discosea,Endomyxa,Euglenozoa,Evosea,Fornicata,Haptista,Preaxostyla,Rhodophyta,Tubulinea,Chlorophyta,Streptophyta,Crenarchaeota,Parvarchaeota,Aquificae,Caldithrix,Chlorobi,Chrysiogenetes,Dictyoglomi,Thermi,Thermotogae,Calditrichaeota,Annelida,Bacillariophyta,Chytridiomycota,Cnidaria,Euglenida,Microsporidia,Mucoromycota,Phaeophyceae,Platyhelminthes,Porifera,Tardigrada,Zoopagomycota
ERZ3455818,MGYS00005846,0,0,0,0,4,0,0,0,0,0,0,0,0,0,6,1,0,0,0,0,0,0,6,0,1,0,1,0,0,0,0,0,0,0,0,0,0,0,0,0,0,0,0,0,0,0,0,0,0,0,0,0,0,0,0,0,0,0,0,0,0,0,0,0,0,0,0,0,0,0,0,0
ERZ3455794,MGYS00005846,0,0,0,0,5,0,0,0,0,0,0,0,0,0,8,2,0,0,0,0,0,0,16,0,0,0,1,0,0,0,0,0,0,0,0,0,0,0,0,0,0,0,0,0,0,0,0,0,0,0,0,0,0,0,0,0,0,0,0,0,0,0,0,0,0,0,0,0,0,0,0,0
ERZ3455798,MGYS00005846,3,0,8,0,5,0,0,0,0,0,0,0,0,0,30,1,0,0,0,0,0,0,34,0,0,1,1,2,0,0,0,0,0,0,3,0,0,0,0,0,0,0,0,0,0,0,0,0,0,0,0,0,0,0,0,0,0,0,0,0,0,0,0,0,0,0,0,0,0,0,0,0
ERZ3455802,MGYS00005846,1,0,4,0,11,0,0,0,0,0,0,0,0,0,13,1,0,0,0,0,0,0,28,0,0,0,1,0,0,0,0,0,0,0,0,0,0,1,0,0,0,0,0,0,0,0,0,0,0,1,0,0,0,0,0,0,0,0,0,0,0,0,0,0,0,0,0,0,0,0,0,0
ERZ3455814,MGYS00005846,4,3,3,0,16,0,1,0,3,0,0,1,2,0,22,0,0,0,4,0,0,0,43,2,2,2,2,0,0,0,0,0,0,0,0,0,0,0,3,0,0,0,0,0,0,0,0,0,0,0,0,0,0,0,0,0,0,0,0,0,0,0,0,0,0,0,0,0,0,0,0,0
ERZ3455822,MGYS00005846,0,0,4,0,5,0,0,0,0,0,0,0,0,0,13,1,0,0,0,0,0,0,13,0,0,0,2,1,0,0,0,0,0,0,0,0,0,0,0,0,0,0,0,0,0,0,0,0,0,0,0,0,0,0,0,0,0,0,0,0,0,0,0,0,0,0,0,0,0,0,0,0
ERZ3455826,MGYS00005846,0,0,1,0,10,0,0,0,0,0,0,0,0,0,15,2,0,0,0,0,0,0,16,0,0,0,1,0,0,0,0,0,0,0,0,0,0,1,0,0,0,0,0,0,0,0,0,0,0,0,0,0,0,0,0,0,0,0,0,0,0,0,0,0,0,0,0,0,0,0,0,0
ERZ3455854,MGYS00005846,1,0,10,0,12,1,0,0,0,0,0,0,1,0,36,2,0,0,0,0,0,0,37,0,0,0,2,2,0,0,0,1,0,0,2,0,0,0,0,0,0,0,0,0,0,0,0,0,0,0,0,0,0,0,0,0,0,0,0,0,0,0,0,0,0,0,0,0,0,0,0,0
ERZ3455795,MGYS00005846,0,1,0,0,16,0,0,0,0,0,0,0,0,0,14,1,0,0,0,0,0,0,25,1,0,0,1,0,0,0,0,0,0,0,1,1,0,1,2,0,0,0,0,0,0,0,0,0,0,0,0,0,0,0,0,0,0,0,0,0,0,0,0,0,0,0,0,0,0,0,0,0
ERZ3455805,MGYS00005846,0,0,0,0,13,0,0,0,0,0,0,0,0,0,12,2,0,0,0,0,0,0,25,0,0,0,0,1,0,0,0,0,0,0,0,0,0,0,0,0,0,0,0,0,0,0,0,0,0,0,0,0,0,0,0,0,0,0,0,0,0,0,0,0,0,0,0,0,0,0,0,0
ERZ3455806,MGYS00005846,2,0,17,0,10,0,0,0,1,0,0,0,0,0,48,2,0,0,0,0,0,0,60,0,0,4,1,3,0,1,2,0,0,0,3,0,0,0,0,0,0,0,0,0,0,0,0,0,0,2,0,0,0,0,0,0,0,0,0,0,0,0,0,0,0,0,0,0,0,0,0,0
ERZ3455810,MGYS00005846,1,0,6,0,13,0,0,0,0,0,0,0,0,0,43,2,0,0,0,0,0,0,34,0,0,3,1,1,0,0,0,0,0,0,3,1,0,0,0,0,0,0,0,0,0,0,0,0,0,0,0,0,0,0,0,0,0,0,0,0,0,0,0,0,0,0,0,0,0,0,0,0
ERZ3455811,MGYS00005846,1,0,4,0,4,0,0,0,0,0,0,0,0,0,23,2,0,1,0,0,0,1,27,0,0,0,2,1,0,0,0,0,0,0,2,0,0,0,0,0,0,0,0,0,0,0,0,0,0,0,0,0,0,0,0,0,0,0,0,0,0,0,0,0,0,0,0,0,0,0,0,0
ERZ3455821,MGYS00005846,2,0,4,0,6,0,0,0,1,0,0,0,0,0,10,1,0,0,0,0,0,2,13,0,1,0,4,2,0,0,0,1,0,0,4,0,0,0,0,0,0,0,0,0,0,0,0,0,0,0,0,0,0,0,0,0,0,0,0,0,0,0,0,0,0,0,0,0,0,0,0,0
ERZ3455827,MGYS00005846,1,0,4,0,10,0,0,0,0,0,0,0,1,0,19,2,0,0,0,0,0,0,30,0,0,2,2,0,0,0,0,0,0,0,1,0,0,1,0,0,0,0,0,0,0,0,0,0,0,0,0,0,0,0,0,0,0,0,0,0,0,0,0,0,0,0,0,0,0,0,0,0
ERZ3455830,MGYS00005846,2,0,9,0,13,0,0,0,0,0,0,0,1,0,37,1,0,0,1,0,0,2,34,0,2,2,3,5,0,0,0,0,0,0,3,0,0,0,0,0,0,0,0,0,0,0,0,0,0,0,0,0,0,0,0,0,0,0,0,0,0,0,0,0,0,0,0,0,0,0,0,0
ERZ3455834,MGYS00005846,4,2,13,0,6,1,0,0,5,0,0,0,0,0,43,2,0,1,0,0,0,3,62,0,2,1,2,2,0,1,0,0,0,0,0,0,0,0,0,0,0,0,0,0,0,0,0,0,0,0,0,0,0,0,0,0,0,0,0,0,0,0,0,0,0,0,0,0,0,0,0,0
ERZ3455837,MGYS00005846,1,0,3,0,13,0,0,0,0,0,0,0,0,0,22,2,0,1,0,0,0,0,25,0,0,1,1,1,0,0,0,0,0,0,1,0,0,1,0,0,0,0,0,0,0,0,0,0,0,0,0,0,0,0,0,0,0,0,0,0,0,0,0,0,0,0,0,0,0,0,0,0
ERZ3455842,MGYS00005846,1,0,12,0,18,0,0,0,0,1,0,0,0,0,21,1,0,0,0,0,0,0,24,0,1,0,1,1,0,0,0,0,0,0,3,0,0,0,0,0,0,0,0,0,0,0,0,0,0,0,0,0,0,0,0,0,0,0,0,0,0,0,0,0,0,0,0,0,0,0,0,0
ERZ3455796,MGYS00005846,0,0,3,0,6,0,0,0,0,0,0,0,0,0,20,1,0,0,0,0,0,0,30,0,0,0,1,0,0,0,0,0,0,0,2,0,0,0,0,0,0,0,0,0,0,0,0,0,0,1,0,0,0,0,0,0,0,0,0,0,0,0,0,0,0,0,0,0,0,0,0,0
ERZ3455800,MGYS00005846,0,0,7,0,6,0,0,0,0,0,0,0,0,0,17,2,0,0,0,0,0,0,39,0,0,0,1,0,0,0,0,0,0,0,1,0,0,2,0,0,0,0,0,0,0,0,0,0,0,0,0,0,0,0,0,0,0,0,0,0,0,0,0,0,0,0,0,0,0,0,0,0
ERZ3455816,MGYS00005846,0,0,15,0,19,0,0,0,0,0,0,0,0,0,25,2,0,0,0,0,0,0,51,1,0,0,1,4,0,0,0,0,0,0,0,0,0,1,0,0,0,0,0,0,0,0,0,0,0,0,0,0,0,0,0,0,0,0,0,0,0,0,0,0,0,0,0,0,0,0,0,0
ERZ3455817,MGYS00005846,1,0,0,0,5,0,0,0,1,0,0,0,0,0,8,1,0,0,0,0,0,0,11,0,2,0,2,1,0,0,0,0,0,0,0,0,0,0,0,0,0,0,0,0,0,0,0,0,0,0,0,0,0,0,0,0,0,0,0,0,0,0,0,0,0,0,0,0,0,0,0,0
ERZ3455824,MGYS00005846,1,0,8,0,5,0,0,0,1,0,0,0,0,0,21,1,0,0,3,0,0,0,28,0,0,1,4,2,0,0,0,0,0,0,2,0,0,0,0,0,0,0,0,0,0,0,0,0,0,1,0,0,0,0,0,0,0,0,0,0,0,0,0,0,0,0,0,0,0,0,0,0
ERZ3455832,MGYS00005846,4,2,11,0,5,0,0,0,1,0,0,0,0,0,37,1,1,1,0,0,0,1,51,0,2,1,4,0,1,1,0,0,0,0,0,0,0,0,0,0,0,0,0,0,0,0,0,0,0,0,0,0,0,0,0,0,0,0,0,0,0,0,0,0,0,0,0,0,0,0,0,0
ERZ3455839,MGYS00005846,2,0,5,0,14,0,0,0,0,0,0,0,0,0,25,2,0,0,0,0,0,0,35,0,1,1,2,0,0,0,0,0,0,0,0,0,0,1,0,0,0,0,0,0,0,0,0,0,0,0,0,0,0,0,0,0,0,0,0,0,0,0,0,0,0,0,0,0,0,0,0,0
ERZ3455849,MGYS00005846,3,1,10,0,11,1,0,0,0,0,2,0,1,0,22,1,0,0,0,0,0,2,21,0,1,2,4,0,0,0,1,0,0,0,2,0,0,0,0,0,0,0,0,0,0,0,0,0,2,1,0,0,0,0,0,0,0,0,0,0,0,0,0,0,0,0,0,0,0,0,0,0
ERZ3455855,MGYS00005846,0,0,4,0,6,0,0,0,0,0,0,0,0,0,13,2,0,0,0,0,0,0,15,0,0,0,1,1,0,0,0,0,0,0,0,0,0,0,0,0,0,0,0,0,0,0,0,0,0,0,0,0,0,0,0,0,0,0,0,0,0,0,0,0,0,0,0,0,0,0,0,0
ERZ3455863,MGYS00005846,0,0,0,0,12,0,0,0,0,0,0,0,0,0,5,2,0,0,0,0,0,0,14,0,0,0,0,0,0,0,0,0,0,0,1,0,0,0,0,0,0,0,0,0,0,0,0,0,0,0,0,0,0,0,0,0,0,0,0,0,0,0,0,0,0,0,0,0,0,0,0,0
ERZ3455867,MGYS00005846,2,0,0,0,6,0,0,0,1,0,0,0,2,0,14,1,0,0,0,0,0,0,29,0,0,0,0,2,0,0,0,0,0,0,0,0,0,0,0,0,0,0,0,0,0,0,0,0,0,0,0,0,0,0,0,0,0,0,0,0,0,0,0,0,0,0,0,0,0,0,0,0
ERZ3455803,MGYS00005846,1,0,9,0,15,0,0,0,0,0,0,0,0,0,34,2,0,0,0,0,0,0,39,0,0,1,1,1,0,0,0,0,0,0,0,0,0,0,0,0,0,0,0,0,0,0,0,0,0,0,0,0,0,0,0,0,0,0,0,0,0,0,0,0,0,0,0,0,0,0,0,0
ERZ3455809,MGYS00005846,0,0,4,0,22,0,0,0,0,0,1,0,0,0,23,1,0,0,0,0,0,0,39,0,0,0,1,2,0,0,0,0,0,0,0,0,0,0,0,0,0,0,0,0,0,0,0,0,0,0,0,0,0,0,0,0,0,0,0,0,0,0,0,0,0,0,0,0,0,0,0,0
ERZ3455831,MGYS00005846,3,0,7,0,11,0,0,0,0,0,0,0,1,0,33,2,0,0,2,1,0,0,24,0,1,2,4,3,0,0,0,0,0,0,3,0,0,0,0,0,0,0,0,0,0,0,0,0,0,0,0,0,0,0,0,0,0,0,0,0,0,0,0,0,0,0,0,0,0,0,0,0
ERZ3455859,MGYS00005846,2,0,15,0,10,0,0,0,1,0,0,0,0,0,47,3,0,0,4,0,0,0,67,0,2,1,2,0,0,0,0,0,0,0,3,0,0,0,0,0,0,3,0,0,0,0,0,0,0,0,0,0,0,0,0,0,0,0,0,0,0,0,0,0,0,0,0,0,0,0,0,0
ERZ3455884,MGYS00005846,0,0,0,0,5,0,0,0,0,0,0,0,0,0,5,1,0,0,0,0,0,0,12,0,0,0,1,0,0,0,0,0,0,0,0,0,0,0,0,0,0,0,0,0,0,0,0,0,0,0,0,0,0,0,0,0,0,0,0,0,0,0,0,0,0,0,0,0,0,0,0,0
ERZ3455797,MGYS00005846,1,0,8,0,4,0,0,0,0,0,1,0,0,0,18,1,0,0,0,0,0,0,42,0,0,6,1,0,0,0,0,0,0,0,5,0,0,0,1,0,0,0,0,0,0,0,0,0,0,0,0,0,0,0,0,0,0,0,0,0,0,0,0,0,0,0,0,0,0,0,0,0
ERZ3455815,MGYS00005846,2,1,6,0,5,0,0,0,1,0,0,0,0,0,18,2,0,0,0,0,0,0,23,0,0,0,3,0,0,0,0,0,0,0,0,0,0,0,0,0,0,0,0,0,0,0,0,0,0,0,0,0,0,0,0,0,0,0,0,0,0,0,0,0,0,0,0,0,0,0,0,0
ERZ3455825,MGYS00005846,0,0,2,0,6,0,0,0,0,0,0,0,0,0,9,1,0,0,0,0,0,0,21,0,0,0,1,1,0,0,0,0,0,0,3,0,0,0,0,0,0,0,0,0,0,0,0,0,0,0,0,0,0,0,0,0,0,0,0,0,0,0,0,0,0,0,0,0,0,0,0,0
ERZ3455862,MGYS00005846,0,0,0,0,2,0,0,0,0,0,0,0,1,0,15,1,0,0,0,0,0,0,22,0,0,0,0,1,0,0,0,0,0,0,0,0,0,0,0,0,0,0,0,0,0,0,0,0,0,0,0,0,0,0,0,0,0,0,0,0,0,0,0,0,0,0,0,0,0,0,0,0
ERZ3455876,MGYS00005846,1,0,1,0,10,0,0,0,0,0,0,0,0,0,14,1,0,0,0,0,0,0,34,0,0,4,1,1,0,0,1,0,0,0,3,0,0,0,0,0,0,0,0,0,0,0,0,0,0,0,0,0,0,0,0,0,0,0,0,0,0,0,0,0,0,0,0,0,0,0,0,0
ERZ3455888,MGYS00005846,0,0,7,0,12,0,0,0,0,0,0,0,1,0,31,2,0,0,0,0,0,0,34,0,0,0,1,1,0,0,0,0,0,0,1,0,0,0,0,0,0,0,0,0,0,0,0,0,0,1,0,0,0,0,0,0,0,0,0,0,0,0,0,0,0,0,0,0,0,0,0,0
ERZ3455812,MGYS00005846,1,0,1,0,3,0,0,0,0,0,0,0,0,0,10,2,0,0,0,0,0,0,12,0,0,0,1,0,0,0,0,0,0,0,0,0,0,0,0,0,0,0,0,0,0,0,0,0,0,0,0,0,0,0,0,0,0,0,0,0,0,0,0,0,0,0,0,0,0,0,0,0
ERZ3455843,MGYS00005846,2,0,4,0,15,0,0,0,0,0,0,0,0,0,33,1,0,0,0,0,0,0,29,0,1,1,1,0,0,0,0,0,0,0,0,0,0,1,0,0,0,0,0,0,0,0,0,0,0,0,0,0,0,0,0,0,0,0,0,0,0,0,0,0,0,0,0,0,0,0,0,0
ERZ3455851,MGYS00005846,1,1,8,0,6,0,0,0,0,0,0,0,0,0,34,2,0,0,1,0,0,0,42,0,1,0,2,0,0,0,1,0,0,0,3,0,0,0,0,0,0,1,0,0,0,0,0,0,0,0,0,0,0,0,0,0,0,0,0,0,0,0,0,0,0,0,0,0,0,0,0,0
ERZ3455868,MGYS00005846,2,3,8,0,4,0,0,0,1,0,0,0,0,0,29,2,0,0,3,0,0,1,24,0,3,2,4,1,0,0,2,0,0,0,0,0,0,0,0,0,0,0,0,0,0,0,0,0,0,0,0,0,0,0,0,0,0,0,0,0,0,0,0,0,0,0,0,0,0,0,0,0
ERZ3455872,MGYS00005846,4,0,12,0,19,0,0,0,0,0,0,0,0,0,51,1,0,0,0,0,0,1,67,0,0,2,1,1,0,0,0,0,0,0,1,0,0,0,0,0,0,0,0,0,0,0,0,0,0,1,0,0,0,0,0,0,0,0,0,0,0,0,0,0,0,0,0,0,0,0,0,0
ERZ3455880,MGYS00005846,1,0,4,0,4,0,0,0,0,0,0,0,0,0,33,1,0,0,0,0,0,1,25,0,0,2,1,1,0,0,0,3,0,0,7,0,0,0,1,0,0,1,0,0,0,0,0,0,0,2,0,0,0,0,0,0,0,0,0,0,0,0,0,0,0,0,0,0,0,0,0,0
ERZ3455807,MGYS00005846,1,0,14,0,12,0,0,0,0,0,0,0,0,0,45,2,0,0,0,0,0,2,52,1,0,7,3,1,0,0,3,0,0,0,6,1,1,1,1,0,0,0,0,0,0,0,0,0,0,2,0,0,0,0,0,0,0,0,0,0,0,0,0,0,0,0,0,0,0,0,0,0
ERZ3455823,MGYS00005846,2,2,5,0,8,0,1,0,4,0,0,0,0,0,19,1,0,0,1,0,0,2,30,0,3,0,2,6,0,0,0,0,0,0,4,0,0,0,1,0,0,0,0,0,0,0,0,0,0,0,0,0,0,0,0,0,0,0,0,0,0,0,0,0,0,0,0,0,0,0,0,0
ERZ3455836,MGYS00005846,1,0,4,0,7,0,0,0,1,0,0,0,0,0,16,2,0,0,1,0,0,0,22,0,1,0,2,0,0,0,0,0,0,0,0,0,0,0,0,0,0,0,0,0,0,0,0,0,0,0,0,0,0,0,0,0,0,0,0,0,0,0,0,0,0,0,0,0,0,0,0,0
ERZ3455892,MGYS00005846,1,0,2,0,9,0,0,0,0,0,0,0,1,0,25,1,0,0,0,0,0,0,17,0,0,0,2,0,0,0,0,0,0,0,3,0,0,0,0,0,0,0,0,0,0,0,0,0,0,0,0,0,0,0,0,0,0,0,0,0,0,0,0,0,0,0,0,0,0,0,0,0
ERZ3455799,MGYS00005846,1,0,11,0,6,0,0,0,0,0,0,0,0,0,34,1,1,0,0,0,0,2,41,0,0,3,1,1,0,0,1,0,0,0,5,1,0,0,2,0,0,1,0,0,0,0,0,0,0,1,0,0,0,0,0,0,0,0,0,0,0,0,0,0,0,0,0,0,0,0,0,0
ERZ3455835,MGYS00005846,5,3,12,0,28,0,1,0,6,0,1,0,3,0,49,2,0,0,4,2,0,0,73,6,4,6,6,0,1,1,1,0,0,0,0,0,0,0,6,0,1,0,0,1,0,2,0,0,0,0,0,0,0,0,0,0,0,0,0,0,0,0,0,0,0,0,0,0,0,0,0,0
ERZ3455845,MGYS00005846,6,2,9,0,11,0,0,3,0,0,2,0,1,0,56,3,0,0,4,0,0,0,23,2,3,1,6,0,0,0,0,0,0,0,0,0,0,0,0,0,0,0,0,0,0,0,0,0,1,0,0,0,0,0,0,0,0,0,0,0,0,0,0,0,0,0,0,0,0,0,0,0
ERZ3455850,MGYS00005846,2,0,12,0,11,0,0,0,2,0,0,0,0,0,37,2,0,0,0,0,0,1,41,0,1,2,3,0,0,0,1,0,0,0,3,0,0,0,0,0,0,0,0,0,0,0,0,0,1,1,0,0,0,0,0,0,0,0,0,0,0,0,0,0,0,0,0,0,0,0,0,0
ERZ3455857,MGYS00005846,0,0,6,0,33,0,0,0,0,0,0,0,1,0,15,1,0,0,0,0,0,0,39,0,0,0,1,0,0,0,0,0,0,0,0,0,0,0,1,0,0,0,0,0,0,0,0,0,0,0,0,0,0,0,0,0,0,0,0,0,0,0,0,0,0,0,0,0,0,0,0,0
ERZ3455865,MGYS00005846,0,0,0,0,12,0,0,0,0,0,0,0,0,0,4,1,0,0,0,0,0,0,17,0,0,0,0,0,0,0,0,1,0,0,2,0,0,0,0,0,0,0,0,0,0,0,0,0,0,0,0,0,0,0,0,0,0,0,0,0,0,0,0,0,0,0,0,0,0,0,0,0
ERZ3455871,MGYS00005846,0,0,1,0,15,0,0,0,0,0,0,0,0,0,10,1,0,0,0,0,0,0,17,0,0,0,0,0,0,0,0,1,0,0,1,0,0,0,0,0,0,0,0,0,0,0,0,0,0,0,0,0,0,0,0,0,0,0,0,0,0,0,0,0,0,0,0,0,0,0,0,0
ERZ3455877,MGYS00005846,2,0,10,0,14,0,0,0,0,0,0,0,1,0,32,2,0,0,0,0,0,0,44,0,0,2,1,1,0,0,1,0,0,0,1,0,0,0,1,0,0,0,0,0,0,0,0,0,0,0,0,0,0,0,0,0,0,0,0,0,0,0,0,0,0,0,0,0,0,0,0,0
ERZ3455882,MGYS00005846,1,1,4,0,14,0,0,0,0,0,0,0,0,0,40,2,0,1,0,0,0,0,44,0,2,1,3,3,0,0,4,0,0,0,5,0,0,0,2,0,0,0,0,0,0,0,0,0,0,0,0,0,0,0,0,0,0,0,0,0,0,0,0,0,0,0,0,0,0,0,0,0
ERZ3455887,MGYS00005846,0,0,8,0,12,0,0,0,0,0,0,0,2,0,23,2,0,0,0,0,0,0,35,0,0,0,1,1,0,0,0,0,0,0,3,0,0,0,0,0,0,0,0,0,0,0,0,0,0,0,0,0,0,0,0,0,0,0,0,0,0,0,0,0,0,0,0,0,0,0,0,0
ERZ3455858,MGYS00005846,1,1,13,0,19,0,0,0,1,0,0,0,0,0,40,1,0,0,3,0,0,0,54,0,1,1,3,2,0,0,1,0,0,0,5,0,0,0,0,0,0,2,0,0,0,0,0,0,0,1,0,0,0,0,0,0,0,0,0,0,0,0,0,0,0,0,0,0,0,0,0,0
ERZ3455791,MGYS00005846,0,0,0,0,1,0,0,0,0,0,0,0,0,0,14,1,0,0,0,0,0,0,9,0,0,0,0,0,0,0,0,0,0,0,0,0,0,0,0,0,0,0,0,0,0,0,0,0,0,0,0,0,0,0,0,0,0,0,0,0,0,0,0,0,0,0,0,0,0,0,0,0
ERZ3455801,MGYS00005846,0,0,4,0,9,0,0,0,0,0,0,0,0,0,21,2,0,0,0,0,0,0,24,0,0,0,1,2,0,0,0,0,0,0,0,0,0,0,0,0,0,0,0,0,0,0,0,0,0,0,0,0,0,0,0,0,0,0,0,0,0,0,0,0,0,0,0,0,0,0,0,0
ERZ3455813,MGYS00005846,0,0,0,0,2,0,0,0,0,0,0,0,0,0,4,1,0,0,0,0,0,0,13,0,0,0,0,0,0,0,0,0,0,0,0,0,0,0,0,0,0,0,0,0,0,0,0,0,0,0,0,0,0,0,0,0,0,0,0,0,0,0,0,0,0,0,0,0,0,0,0,0
ERZ3455852,MGYS00005846,3,0,7,0,8,0,0,0,0,0,0,0,0,0,26,2,0,0,2,0,0,1,44,0,0,1,3,0,0,0,0,0,0,0,3,0,0,0,0,0,0,1,0,0,0,0,0,0,0,0,0,0,0,0,0,0,0,0,0,0,0,0,0,0,0,0,0,0,0,0,0,0
ERZ3455870,MGYS00005846,1,0,3,0,8,0,0,0,0,0,0,0,2,0,18,1,0,0,0,0,0,0,25,0,1,0,0,2,0,0,0,0,0,0,1,0,0,0,0,0,0,0,0,0,0,0,0,0,0,0,0,0,0,0,0,0,0,0,0,0,0,0,0,0,0,0,0,0,0,0,0,0
ERZ3455838,MGYS00005846,1,0,4,0,15,0,0,0,0,1,0,0,3,0,13,2,0,1,0,0,0,0,24,0,0,0,2,1,0,0,0,0,0,0,2,0,0,0,0,0,0,0,0,0,0,0,0,0,0,0,0,0,0,0,0,0,0,0,0,0,0,0,0,0,0,0,0,0,0,0,0,0
ERZ3455844,MGYS00005846,3,2,13,0,10,1,0,1,3,0,0,0,0,0,46,1,0,0,2,0,0,0,49,0,2,1,3,0,0,0,0,2,0,0,2,0,0,0,0,0,0,0,0,0,0,0,0,0,0,2,0,0,0,0,0,0,0,0,0,0,0,0,0,0,0,0,0,0,0,0,0,0
ERZ3455860,MGYS00005846,0,0,0,0,6,0,0,0,0,0,0,0,0,0,5,1,0,0,0,0,0,0,9,0,0,0,0,0,0,0,0,0,0,0,2,0,0,0,0,0,0,0,0,0,0,0,0,0,0,0,0,0,0,0,0,0,0,0,0,0,0,0,0,0,0,0,0,0,0,0,0,0
ERZ3455873,MGYS00005846,3,6,9,0,20,0,0,0,0,0,0,0,0,0,44,2,0,0,1,0,0,1,31,5,0,1,1,0,0,0,0,0,0,0,0,0,0,0,0,0,0,0,0,0,0,0,0,0,0,1,0,0,0,0,0,0,0,0,0,0,0,0,0,0,0,0,0,0,0,0,0,0
ERZ3455881,MGYS00005846,2,1,7,0,5,0,0,0,2,0,0,0,0,0,30,2,0,0,0,0,0,0,34,0,1,0,3,1,0,0,0,0,0,0,0,0,0,0,0,0,0,0,0,0,0,0,0,0,0,1,0,0,0,0,0,0,0,0,0,0,0,0,0,0,0,0,0,0,0,0,0,0
ERZ3455891,MGYS00005846,1,0,5,0,11,0,0,0,0,0,0,0,1,0,25,2,0,0,0,0,0,0,24,0,0,1,2,0,0,0,0,0,0,0,0,0,0,0,0,0,0,0,0,0,0,0,0,0,0,0,0,0,0,0,0,0,0,0,0,0,0,0,0,0,0,0,0,0,0,0,0,0
ERZ3455896,MGYS00005846,1,0,6,0,15,0,0,0,1,0,0,0,1,0,48,2,0,0,0,0,0,1,53,0,1,2,1,2,0,0,0,0,0,0,2,0,0,0,0,0,0,0,0,0,0,0,0,0,0,3,0,0,0,0,0,0,0,0,0,0,0,0,0,0,0,0,0,0,0,0,0,0
ERZ3455847,MGYS00005846,2,1,22,0,18,0,1,0,2,0,0,0,1,0,44,1,0,0,0,0,0,2,61,1,1,3,3,3,0,0,4,0,0,0,4,0,0,0,0,0,0,1,0,0,0,0,0,0,0,0,0,0,0,0,0,0,0,0,0,0,0,0,0,0,0,0,0,0,0,0,0,0
ERZ3455885,MGYS00005846,3,3,16,0,37,0,1,1,0,0,2,0,3,0,60,4,0,0,1,1,0,0,37,10,1,2,1,0,0,0,0,0,0,0,1,0,0,0,0,0,0,0,0,0,0,0,0,0,0,2,0,0,0,0,0,0,0,0,0,0,0,0,0,0,0,0,0,0,0,0,0,0
ERZ3455792,MGYS00005846,0,0,0,0,3,0,0,0,0,0,0,0,0,0,4,2,0,0,0,0,0,0,17,0,0,0,0,0,0,0,0,0,0,0,0,0,0,0,0,0,0,0,0,0,0,0,0,0,0,0,0,0,0,0,0,0,0,0,0,0,0,0,0,0,0,0,0,0,0,0,0,0
ERZ3455841,MGYS00005846,1,0,6,0,5,0,0,0,0,0,0,0,0,0,20,1,0,0,0,0,0,0,24,0,0,1,1,0,0,0,0,0,0,0,2,0,0,0,0,0,0,0,0,0,0,0,0,0,0,0,0,0,0,0,0,0,0,0,0,0,0,0,0,0,0,0,0,0,0,0,0,0
ERZ3455874,MGYS00005846,1,0,5,0,13,0,0,0,0,0,0,0,0,0,19,2,0,0,0,0,0,0,29,0,0,1,1,0,0,0,0,0,0,0,2,0,0,0,0,0,0,0,0,0,0,0,0,0,0,0,0,0,0,0,0,0,0,0,0,0,0,0,0,0,0,0,0,0,0,0,0,0
ERZ3455875,MGYS00005846,0,0,1,0,7,0,0,0,0,0,0,0,0,0,4,2,0,0,0,0,0,0,10,0,0,0,0,2,0,0,0,0,0,0,0,0,0,0,0,0,0,0,0,0,0,0,0,0,0,0,0,0,0,0,0,0,0,0,0,0,0,0,0,0,0,0,0,0,0,0,0,0
ERZ3455889,MGYS00005846,1,0,3,0,12,0,0,0,0,0,0,0,0,0,30,1,0,0,0,0,0,0,22,0,0,2,1,1,0,0,0,0,0,0,3,0,0,0,0,0,0,0,0,0,0,0,0,0,0,1,0,0,0,0,0,0,0,0,0,0,0,0,0,0,0,0,0,0,0,0,0,0
ERZ3455900,MGYS00005846,3,7,18,0,46,0,0,0,4,0,2,0,1,1,98,5,0,0,4,0,0,0,76,10,3,7,1,0,0,0,0,0,0,0,2,1,0,0,1,0,0,0,0,0,0,0,0,0,0,1,0,0,0,0,0,0,0,0,0,0,0,0,0,0,0,0,0,0,0,0,0,0
ERZ3455820,MGYS00005846,1,0,3,0,10,0,0,0,0,0,0,0,0,0,29,1,0,0,0,0,0,0,30,0,0,1,2,4,0,0,0,0,0,1,4,1,0,0,0,0,0,0,0,0,0,0,0,0,0,0,0,0,0,0,0,0,0,0,0,0,0,0,0,0,0,0,0,0,0,0,0,0
ERZ3455828,MGYS00005846,2,0,6,0,11,0,0,0,0,0,0,0,0,0,17,1,0,1,0,0,0,0,34,0,0,3,1,0,0,0,0,0,0,0,0,0,0,1,0,0,0,0,0,0,0,0,0,0,0,0,0,0,0,0,0,0,0,0,0,0,0,0,0,0,0,0,0,0,0,0,0,0
ERZ3455861,MGYS00005846,5,13,6,0,79,0,1,0,8,0,2,0,0,2,36,4,0,1,2,0,3,8,115,8,2,0,10,0,0,0,3,1,2,1,2,0,0,2,20,1,0,2,0,0,0,0,1,5,0,1,0,0,0,0,0,0,0,0,0,0,0,0,0,0,0,0,0,0,0,0,0,0
ERZ3455864,MGYS00005846,0,0,6,0,17,0,0,0,0,0,0,0,2,0,52,1,0,0,0,0,0,1,46,0,2,1,1,3,0,0,0,0,0,0,1,0,0,0,0,0,0,0,0,0,0,0,0,0,0,1,0,0,0,0,0,0,0,0,0,0,0,0,0,0,0,0,0,0,0,0,0,0
ERZ3455886,MGYS00005846,2,1,10,0,9,0,0,0,1,0,0,0,2,0,50,1,0,0,0,0,0,2,41,0,2,1,3,4,0,0,1,0,0,0,2,0,0,0,0,0,0,0,0,0,0,0,0,0,0,2,0,0,0,0,0,0,0,0,0,0,0,0,0,0,0,0,0,0,0,0,0,0
ERZ3455894,MGYS00005846,1,0,13,0,18,0,0,0,0,0,0,0,0,0,31,2,0,0,0,0,0,0,43,0,0,3,2,0,0,0,0,0,0,0,3,1,0,0,0,0,0,0,0,0,0,0,0,0,0,0,0,0,0,0,0,0,0,0,0,0,0,0,0,0,0,0,0,0,0,0,0,0
ERZ3455895,MGYS00005846,3,0,9,0,19,0,0,0,0,0,0,0,1,0,46,1,0,0,0,0,0,2,38,1,0,3,2,1,0,0,0,0,0,1,5,0,0,1,0,0,0,0,0,0,0,0,0,0,0,0,0,0,0,0,0,0,0,0,0,0,0,0,0,0,0,0,0,0,0,0,0,0
ERZ3455846,MGYS00005846,3,3,19,0,11,0,0,0,4,0,0,0,1,0,57,2,0,0,3,0,0,2,77,0,1,4,4,1,0,0,1,0,0,0,5,0,0,0,0,0,0,0,0,0,0,0,0,0,0,3,0,0,0,0,0,0,0,0,0,0,0,0,0,0,0,0,0,0,0,0,0,0
ERZ3455856,MGYS00005846,2,1,16,0,21,1,0,0,1,0,0,0,0,0,42,3,0,0,2,0,0,0,56,0,4,1,3,0,0,0,1,0,0,0,5,0,0,0,0,0,0,4,0,0,0,0,0,0,0,0,0,0,0,0,0,0,0,0,0,0,0,0,0,0,0,0,0,0,0,0,0,0
ERZ3455899,MGYS00005846,6,8,18,0,8,1,3,2,6,0,0,0,0,0,45,3,0,2,9,1,0,2,51,1,11,1,4,0,0,0,2,0,0,0,0,0,1,0,0,0,0,0,0,0,0,0,0,0,0,1,0,0,0,0,0,0,0,0,0,0,0,0,0,0,0,0,0,0,0,0,0,0
ERZ3455879,MGYS00005846,0,0,0,0,2,0,0,0,0,0,0,0,0,0,5,1,0,0,0,0,0,0,10,0,0,0,0,0,0,0,0,0,0,0,1,0,0,0,0,0,0,0,0,0,0,0,0,0,0,0,0,0,0,0,0,0,0,0,0,0,0,0,0,0,0,0,0,0,0,0,0,0
ERZ3455793,MGYS00005846,0,0,2,0,3,0,0,0,0,0,0,0,0,0,18,1,0,0,0,0,0,1,16,0,1,0,2,0,0,0,0,0,0,0,2,0,0,0,0,0,0,0,0,0,0,0,0,0,0,0,0,0,0,0,0,0,0,0,0,0,0,0,0,0,0,0,0,0,0,0,0,0
ERZ3455819,MGYS00005846,1,0,4,0,21,1,0,0,0,0,0,0,0,0,19,2,0,0,0,0,0,0,48,0,0,0,1,3,0,0,0,0,0,0,0,0,0,0,1,0,0,0,0,0,0,0,0,0,0,0,0,0,0,0,0,0,0,0,0,0,0,0,0,0,0,0,0,0,0,0,0,0
ERZ3455848,MGYS00005846,1,0,4,0,11,0,0,0,1,0,0,0,0,0,27,1,0,0,0,0,0,0,35,0,0,3,2,0,0,0,0,0,0,0,6,0,0,0,0,0,0,0,0,0,0,0,0,0,0,0,0,0,0,0,0,0,0,0,0,0,0,0,0,0,0,0,0,0,0,0,0,0
ERZ3455853,MGYS00005846,3,0,10,0,22,1,0,0,1,0,1,0,1,0,36,2,0,0,0,0,0,3,37,0,2,0,6,0,0,0,1,0,0,0,3,0,1,0,0,0,0,0,0,0,0,0,0,0,2,2,0,0,0,0,0,0,0,0,0,0,0,0,0,0,0,0,0,0,0,0,0,0
ERZ3455878,MGYS00005846,0,0,2,0,7,0,0,0,0,0,0,0,1,0,20,3,0,0,0,0,0,0,20,0,0,0,0,2,0,0,0,0,0,0,3,1,0,0,0,0,0,0,0,0,0,0,0,0,0,0,0,0,0,0,0,0,0,0,0,0,0,0,0,0,0,0,0,0,0,0,0,0
ERZ3455804,MGYS00005846,1,0,0,0,2,0,0,0,0,0,0,0,0,0,8,2,0,0,0,0,0,0,8,0,0,0,1,1,0,0,0,0,0,0,1,0,0,0,0,0,0,0,0,0,0,0,0,0,0,0,0,0,0,0,0,0,0,0,0,0,0,0,0,0,0,0,0,0,0,0,0,0
ERZ3455829,MGYS00005846,4,5,11,0,24,0,0,1,2,0,1,0,1,0,40,2,0,0,3,1,0,0,61,9,4,3,6,0,0,0,1,0,0,0,2,0,0,0,4,1,0,0,2,0,1,1,0,0,0,1,0,0,0,0,0,0,0,0,0,0,0,0,0,0,0,0,0,0,0,0,0,0
ERZ3455833,MGYS00005846,0,0,3,0,8,0,0,0,0,0,0,0,1,0,10,1,0,0,0,0,0,0,15,0,0,0,0,0,0,0,0,0,0,0,0,0,0,2,0,0,0,0,0,0,0,0,0,0,0,0,0,0,0,0,0,0,0,0,0,0,0,0,0,0,0,0,0,0,0,0,0,0
ERZ3455840,MGYS00005846,0,0,2,0,2,0,0,0,0,0,0,0,0,0,13,1,0,0,0,0,0,0,16,0,1,0,1,0,0,0,0,0,0,0,3,0,0,0,0,0,0,0,0,0,0,0,0,0,0,0,0,0,0,0,0,0,0,0,0,0,0,0,0,0,0,0,0,0,0,0,0,0
ERZ3455869,MGYS00005846,2,0,4,0,13,0,0,0,1,0,0,0,0,0,22,1,0,0,0,0,0,0,18,3,1,2,1,0,0,0,1,0,0,0,1,0,0,0,0,0,0,0,0,0,0,0,0,0,0,0,0,0,0,0,0,0,0,0,0,0,0,0,0,0,0,0,0,0,0,0,0,0
ERZ3455883,MGYS00005846,3,0,6,0,4,0,0,0,0,0,0,0,0,0,31,1,0,0,0,0,0,0,28,0,0,0,3,2,0,0,1,1,0,0,2,0,0,0,0,0,0,0,0,0,0,0,0,0,0,1,0,0,0,0,0,0,0,0,0,0,0,0,0,0,0,0,0,0,0,0,0,0
ERZ3455893,MGYS00005846,1,0,14,1,24,0,0,0,1,0,0,0,0,0,47,2,0,0,0,0,0,0,53,0,0,4,2,3,0,0,1,0,0,0,1,0,0,0,0,0,0,0,0,0,0,0,0,0,0,0,0,0,0,0,0,0,0,0,0,0,0,0,0,0,0,0,0,0,0,0,0,0
ERZ3455808,MGYS00005846,1,0,11,0,16,0,0,0,0,0,0,0,2,0,41,2,1,0,0,0,0,0,49,0,1,2,1,1,0,0,0,0,0,0,2,0,0,0,0,0,0,0,0,0,0,0,0,0,0,0,0,0,0,0,0,0,0,0,0,0,0,0,0,0,0,0,0,0,0,0,0,0
ERZ3455890,MGYS00005846,2,0,11,0,14,0,0,0,2,0,0,0,0,0,46,1,0,0,0,0,0,0,37,0,1,2,1,0,0,0,0,0,0,0,3,0,0,0,0,0,0,0,0,0,0,0,0,0,0,0,0,0,0,0,0,0,0,0,0,0,0,0,0,0,0,0,0,0,0,0,0,0
ERZ3455897,MGYS00005846,1,0,11,0,19,0,0,0,0,0,0,0,0,0,48,1,0,0,0,0,0,0,53,0,0,5,2,2,0,0,1,0,0,0,4,1,0,0,1,0,0,0,0,0,0,0,0,0,0,0,0,0,0,0,0,0,0,0,0,0,0,0,0,0,0,0,0,0,0,0,0,0
ERZ3455866,MGYS00005846,1,0,21,0,33,0,0,0,1,0,0,0,0,0,83,3,0,0,1,0,0,3,64,0,1,13,1,3,0,0,2,0,0,0,13,0,0,2,5,0,0,1,0,0,0,0,0,0,0,0,0,0,0,0,0,0,0,0,0,0,0,0,0,0,0,0,0,0,0,0,0,0
ERZ3455898,MGYS00005846,4,2,13,0,11,1,0,0,1,0,0,0,0,0,81,2,0,0,2,0,0,1,56,1,4,5,5,1,0,0,3,0,0,0,2,1,1,0,0,0,0,0,0,0,0,0,0,0,0,3,0,0,0,0,0,0,0,0,0,0,0,0,0,0,0,0,0,0,0,0,0,0
ERR1713331,MGYS00001312,481,7,1916,0,4907,0,0,2,35,0,145,0,7,5,13756,4136,9,0,0,8,1,13,81109,22,52,239,120,0,0,0,0,0,0,0,0,0,0,0,0,0,0,0,0,0,0,0,0,0,0,0,0,1,0,0,1,0,0,4,0,0,0,0,0,0,0,0,0,0,0,0,0,0
ERR1713332,MGYS00001312,12,8,275,0,4309,0,0,2,13,0,5,0,0,0,2344,545,4,0,0,1,1,38,27543,5,21,25,48,0,0,0,0,0,0,0,0,0,0,0,0,0,0,0,0,0,0,0,0,0,0,0,0,0,0,0,14,0,0,0,4,0,0,0,0,0,0,0,0,0,0,0,0,0
ERR1725942,MGYS00001312,162,28,3248,6,2909,0,1,8,95,0,23,0,0,3,49585,7488,14,0,0,0,1,118,52512,42,270,321,377,0,0,0,0,0,0,0,0,0,0,0,0,0,0,0,0,0,0,0,0,0,0,0,0,0,0,0,25,0,0,1,0,0,0,0,0,0,0,0,0,0,0,0,0,0
ERR1725946,MGYS00001312,16,29,403,3,1759,0,0,1,0,0,2,0,0,0,6752,359,0,0,0,0,0,6,9745,2,6,71,74,0,0,0,0,0,0,0,0,0,0,0,0,0,0,0,0,0,0,0,0,0,0,0,0,0,0,0,0,0,0,0,0,0,0,0,0,0,0,0,0,0,0,0,0,0
ERR1725948,MGYS00001312,5,3,152,0,3733,0,0,0,13,0,3,0,0,4,2180,251,2,0,0,3,0,16,18734,1,28,15,22,0,0,0,0,0,0,0,0,0,0,0,0,0,0,0,0,0,0,0,0,0,0,0,0,0,0,0,2,0,0,0,0,0,0,0,0,0,0,0,0,0,0,0,0,0
ERR1725949,MGYS00001312,17,1,89,0,229,0,0,0,0,0,0,0,0,0,1198,100,3,0,0,0,0,1,4271,0,10,11,23,0,0,0,0,0,0,0,0,0,0,0,0,0,0,0,0,0,0,0,0,0,0,0,0,0,0,0,0,0,0,0,2,0,0,0,0,0,0,0,0,0,0,0,0,0
ERR1725950,MGYS00001312,323,306,1016,13,7806,0,15,16,234,0,130,0,61,18,16832,133,13,0,0,58,12,54,36086,340,608,405,726,0,0,0,0,0,0,0,0,0,0,0,0,0,0,0,0,0,0,0,0,0,0,0,7,0,0,2,39,0,0,0,0,0,0,0,0,0,0,0,0,0,0,0,0,0
ERR1725952,MGYS00001312,20,0,195,0,95,0,0,0,2,0,1,0,0,0,1553,86,0,0,0,0,0,2,1238,6,7,29,75,0,0,0,0,0,0,0,0,0,0,0,0,0,0,0,0,0,0,0,0,0,0,0,0,0,0,0,2,0,0,0,2,0,0,0,0,0,0,0,0,0,0,0,0,0
ERR1713339,MGYS00001312,8,5,87,1,407,0,0,0,5,0,3,0,0,3,2215,672,1,0,0,0,0,3,2629,2,30,26,54,0,0,0,0,0,0,0,0,0,0,0,0,0,0,0,0,0,0,0,0,0,0,0,0,0,0,0,0,0,0,0,2,0,0,0,0,0,0,0,0,0,0,0,0,0
ERR1713340,MGYS00001312,14,10,89,3,249,0,3,1,50,0,2,0,0,0,1010,354,0,0,0,1,0,2,1886,1,91,12,96,0,0,0,0,0,0,0,0,0,0,0,0,0,0,0,0,0,0,0,0,0,0,0,0,0,0,0,0,0,0,0,2,0,0,0,0,0,0,0,0,0,0,0,0,0
ERR1725960,MGYS00001312,8,4,228,3,702,0,0,0,4,0,1,0,0,0,5712,1971,1,0,0,6,0,2,5564,2,68,24,102,0,0,0,0,0,0,0,0,0,0,0,0,0,0,0,0,0,0,0,0,0,0,0,0,0,0,0,0,0,0,1,0,0,0,0,0,0,0,0,0,0,0,0,0,0
ERR1713342,MGYS00001312,400,28,4647,3,3391,0,16,1,608,0,33,4,0,6,23906,10363,3,0,0,4,0,17,33912,33,182,159,369,0,0,0,0,0,0,0,0,0,0,0,0,0,0,0,0,0,0,0,0,0,0,0,1,0,0,3,14,0,0,16,4,0,0,0,0,0,0,0,0,0,0,0,0,0
ERR1725963,MGYS00001312,9,3,200,0,885,0,1,1,24,0,5,0,0,1,2540,370,1,0,0,0,6,5,6238,1,16,32,78,0,0,0,0,0,0,0,0,0,0,0,0,0,0,0,0,0,0,0,0,0,0,0,0,0,0,0,37,0,0,0,1,0,0,0,0,0,0,0,0,0,0,0,0,0
ERR1713344,MGYS00001312,295,802,656,43,12886,0,13,11,422,0,109,0,17,22,5531,594,37,0,0,6,250,324,31086,561,183,72,378,0,0,0,0,0,0,0,0,0,0,0,0,0,0,0,0,0,0,0,0,0,0,0,1,0,0,6,103,0,0,4,0,0,0,0,0,0,0,0,0,0,0,0,0,0
ERR1725965,MGYS00001312,78,1,323,2,864,0,2,1,79,0,7,0,0,0,3463,99,0,0,0,0,0,10,6416,0,95,36,98,0,0,0,0,0,0,0,0,0,0,0,0,0,0,0,0,0,0,0,0,0,0,0,0,0,0,0,2,0,0,0,6,0,0,0,0,0,0,0,0,0,0,0,0,0
ERR1713346,MGYS00001312,523,22,1266,0,2074,0,0,3,49,0,155,0,70,1,16092,310,1,0,0,6,2,22,7801,28,626,108,3476,0,0,0,0,0,0,0,0,0,0,0,0,0,0,0,0,0,0,0,0,0,0,0,0,0,0,1,4,0,0,0,3,0,0,0,0,0,0,0,0,0,0,0,0,0
ERR1725966,MGYS00001312,33,3,478,2,2989,0,1,0,26,0,1,0,0,1,4541,9300,2,0,0,1,3,31,15852,1,42,36,55,0,0,0,0,0,0,0,0,0,0,0,0,0,0,0,0,0,0,0,0,0,0,0,0,0,0,0,27,0,0,0,6,0,0,0,0,0,0,0,0,0,0,0,0,0
ERR1725968,MGYS00001312,6,4,324,0,257,0,0,1,5,0,3,0,0,2,2924,687,0,0,0,4,0,9,4446,0,52,34,97,0,0,0,0,0,0,0,0,0,0,0,0,0,0,0,0,0,0,0,0,0,0,0,0,0,0,0,1,0,0,2,0,0,0,0,0,0,0,0,0,0,0,0,0,0
ERR1713349,MGYS00001312,169,21,1465,5,8578,0,13,15,134,0,21,0,2,1,21389,6864,5,0,0,5,0,41,51897,89,72,241,323,0,0,0,0,0,0,0,0,0,0,0,0,0,0,0,0,0,0,0,0,0,0,0,0,0,0,2,20,1,0,9,11,0,0,0,0,0,0,0,0,0,0,0,0,0
ERR1713350,MGYS00001312,273,37,3286,6,9702,0,1,1,75,0,16,0,5,2,39899,12710,8,0,0,6,0,62,65166,19,50,612,518,0,0,0,0,0,0,0,0,0,0,0,0,0,0,0,0,0,0,0,0,0,0,0,0,0,0,0,6,0,0,2,0,0,0,0,0,0,0,0,0,0,0,0,0,0
ERR1713351,MGYS00001312,23,12,471,0,1228,0,0,1,38,0,2,0,1,2,4835,541,2,0,0,1,2,10,5465,4,2,49,52,0,0,0,0,0,0,0,0,0,0,0,0,0,0,0,0,0,0,0,0,0,0,0,0,0,0,0,21,0,0,4,0,0,0,0,0,0,0,0,0,0,0,0,0,0
ERR1713352,MGYS00001312,16,7,305,0,74021,0,0,0,8,0,2,0,0,0,1720,1847,3,0,0,0,0,25,90518,3,37,42,27,0,0,0,0,0,0,0,0,0,0,0,0,0,0,0,0,0,0,0,0,0,0,0,0,0,0,0,3,0,0,0,0,0,0,0,0,0,0,0,0,0,0,0,0,0
ERR1713353,MGYS00001312,229,25,1074,1,1742,0,0,4,35,0,311,0,12,16,7098,111,0,0,0,5,1,21,6526,31,164,92,809,0,0,0,0,0,0,0,0,0,0,0,0,0,0,0,0,0,0,0,0,0,0,0,2,0,0,0,2,0,0,0,1,0,0,0,0,0,0,0,0,0,0,0,0,0
ERR1725971,MGYS00001312,39,10,1179,2,673,0,0,0,72,0,3,0,0,0,5182,610,1,0,0,0,0,114,12801,11,128,54,334,0,0,0,0,0,0,0,0,0,0,0,0,0,0,0,0,0,0,0,0,0,0,0,0,0,0,0,7,0,0,0,0,0,0,0,0,0,0,0,0,0,0,0,0,0
ERR1713355,MGYS00001312,310,18,3523,1,2142,0,3,0,73,0,96,0,5,1,34655,18586,7,0,0,5,0,80,56712,31,345,473,202,0,0,0,0,0,0,0,0,0,0,0,0,0,0,0,0,0,0,0,0,0,0,0,0,0,0,1,9,0,0,1,2,0,0,0,0,0,0,0,0,0,0,0,0,0
ERR1713356,MGYS00001312,47,22,1254,3,4437,0,1,1,48,0,8,0,0,0,19357,4097,6,0,0,7,0,48,22476,8,66,142,243,0,0,0,0,0,0,0,0,0,0,0,0,0,0,0,0,0,0,0,0,0,0,0,0,0,0,0,7,0,0,3,0,0,0,0,0,0,0,0,0,0,0,0,0,0
ERR1713357,MGYS00001312,10,3,88,0,10794,0,0,1,4,0,3,0,0,0,1144,100,1,0,0,0,0,2,53683,0,15,20,13,0,0,0,0,0,0,0,0,0,0,0,0,0,0,0,0,0,0,0,0,0,0,0,0,0,0,0,1,0,0,0,0,0,0,0,0,0,0,0,0,0,0,0,0,0
ERR1713358,MGYS00001312,1235,216,1066,47,10457,0,20,0,4826,0,23,0,4,0,5821,90,5,0,0,3,4,133,12397,44,929,35,1017,0,0,0,0,0,0,0,0,0,0,0,0,0,0,0,0,0,0,0,0,0,0,0,0,0,0,0,30,0,0,4,3,0,0,0,0,0,0,0,0,0,0,0,0,0
ERR1713359,MGYS00001312,195,6,824,0,368,0,2,1,95,0,2,0,2,0,4025,57,3,0,0,0,1,9,165653,6,70,148,287,0,0,0,0,0,0,0,0,0,0,0,0,0,0,0,0,0,0,0,0,0,0,0,0,0,0,0,2,0,0,2,2,0,0,0,0,0,0,0,0,0,0,0,0,0
ERR1725977,MGYS00001312,11,0,131,0,616,0,0,0,2,0,1,0,0,4,1869,961,0,0,0,0,0,9,6535,2,7,6,13,0,0,0,0,0,0,0,0,0,0,0,0,0,0,0,0,0,0,0,0,0,0,0,0,0,0,0,0,0,0,0,0,0,0,0,0,0,0,0,0,0,0,0,0,0
ERR1713361,MGYS00001312,36,17,159,1,516,0,6,0,71,0,5,0,0,3,1576,126,0,0,0,1,1,13,1917,96,65,54,55,0,0,0,0,0,0,0,0,0,0,0,0,0,0,0,0,0,0,0,0,0,0,0,0,0,0,0,4,0,0,0,7,0,0,0,0,0,0,0,0,0,0,0,0,0
ERR1713362,MGYS00001312,245,326,3599,6,19509,0,10,3,139,0,284,2,51,30,31500,934,4,0,0,34,2,23,27780,408,239,281,217,0,0,0,0,0,0,0,0,0,0,0,0,0,0,0,0,0,0,0,0,0,0,0,4,0,0,1,42,0,1,0,0,0,0,0,0,0,0,0,0,0,0,0,0,0
ERR1725979,MGYS00001312,25,3,874,1,5385,0,0,1,10,0,16,0,0,2,7330,448,2,0,0,0,0,8,36184,2,20,94,118,0,0,0,0,0,0,0,0,0,0,0,0,0,0,0,0,0,0,0,0,0,0,0,0,0,0,0,1,0,0,0,0,0,0,0,0,0,0,0,0,0,0,0,0,0
ERR1713364,MGYS00001312,53,8,287,1,9339,0,0,0,10,0,20,0,0,4,7522,1936,4,0,0,3,0,56,25597,20,71,97,151,0,0,0,0,0,0,0,0,0,0,0,0,0,0,0,0,0,0,0,0,0,0,0,0,0,0,1,3,0,0,0,0,0,0,0,0,0,0,0,0,0,0,0,0,0
ERR1713365,MGYS00001312,12,12,369,5,11620,0,0,1,39,0,4,0,6,1,5750,567,2,0,0,0,0,11,61910,20,9,29,36,0,0,0,0,0,0,0,0,0,0,0,0,0,0,0,0,0,0,0,0,0,0,0,0,0,0,0,11,0,0,16,1,0,0,0,0,0,0,0,0,0,0,0,0,0
ERR1725984,MGYS00001312,309,3,911,0,405,0,0,5,7,0,14,1,0,1,10616,740,2,0,0,0,1,29,7754,9,25,174,483,0,0,0,0,0,0,0,0,0,0,0,0,0,0,0,0,0,0,0,0,0,0,0,0,0,0,0,4,0,0,0,1,0,0,0,0,0,0,0,0,0,0,0,0,0
ERR1713367,MGYS00001312,82,164,897,31,23133,0,3,4,330,0,31,0,11,28,7166,2197,13,0,0,8,84,196,79595,112,116,62,562,0,0,0,0,0,0,0,0,0,0,0,0,0,0,0,0,0,0,0,0,0,0,0,0,0,0,0,80,0,0,0,1,0,0,0,0,0,0,0,0,0,0,0,0,0
ERR1713368,MGYS00001312,60,20,902,4,22329,0,5,1,56,0,15,3,2,3,20012,5815,2,0,0,5,2,47,71396,32,115,181,195,0,0,0,0,0,0,0,0,0,0,0,0,0,0,0,0,0,0,0,0,0,0,0,0,0,0,0,7,0,0,11,0,0,0,0,0,0,0,0,0,0,0,0,0,0
ERR1725985,MGYS00001312,248,16,1473,0,2943,0,0,1,91,0,69,0,4,2,13549,979,1,0,0,5,2,30,23571,29,236,152,284,0,0,0,0,0,0,0,0,0,0,0,0,0,0,0,0,0,0,0,0,0,0,0,0,0,0,0,4,0,0,0,0,0,0,0,0,0,0,0,0,0,0,0,0,0
ERR1713370,MGYS00001312,650,302,1672,4,595,0,400,5,1097,0,50,0,1,4,16931,138,8,0,0,2,9,102,34109,67,2695,50,1783,0,0,0,0,0,0,0,0,0,0,0,0,0,0,0,0,0,0,0,0,0,0,0,2,0,0,1,214,0,0,0,0,0,0,0,0,0,0,0,0,0,0,0,0,0
ERR1713371,MGYS00001312,39,3,442,2,945,0,2,1,43,0,10,0,12,2,7702,89,12,0,0,4,0,5,172778,6,33,75,87,0,0,0,0,0,0,0,0,0,0,0,0,0,0,0,0,0,0,0,0,0,0,0,0,0,0,0,7,0,0,1,0,0,0,0,0,0,0,0,0,0,0,0,0,0
ERR1713372,MGYS00001312,47,19,1322,4,5953,0,0,0,25,0,50,0,1,3,17888,833,5,0,0,2,2,109,60672,19,48,145,236,0,0,0,0,0,0,0,0,0,0,0,0,0,0,0,0,0,0,0,0,0,0,0,6,0,0,0,8,0,0,1,0,0,0,0,0,0,0,0,0,0,0,0,0,0
ERR1713373,MGYS00001312,49,6,420,6,2644,0,3,0,17,0,12,0,0,0,8924,1003,1,0,0,1,2,14,10154,18,84,125,119,0,0,0,0,0,0,0,0,0,0,0,0,0,0,0,0,0,0,0,0,0,0,0,0,0,0,0,1,0,0,2,3,0,0,0,0,0,0,0,0,0,0,0,0,0
ERR1725988,MGYS00001312,80,13,852,1,5343,0,0,0,31,0,91,0,1,0,17405,5223,7,0,0,2,2,55,100796,8,50,225,216,0,0,0,0,0,0,0,0,0,0,0,0,0,0,0,0,0,0,0,0,0,0,0,0,0,0,0,1,1,0,0,0,0,0,0,0,0,0,0,0,0,0,0,0,0
ERR1725991,MGYS00001312,23,4,270,4,2168,0,0,1,7,0,13,0,0,2,5213,1699,1,0,0,2,0,13,11522,2,28,60,80,0,0,0,0,0,0,0,0,0,0,0,0,0,0,0,0,0,0,0,0,0,0,0,0,0,0,0,0,0,0,0,0,0,0,0,0,0,0,0,0,0,0,0,0,0
ERR1713376,MGYS00001312,26,4,377,5,7043,0,0,3,16,0,18,0,0,1,7365,2324,7,0,0,25,0,363,52201,23,622,145,384,0,0,0,0,0,0,0,0,0,0,0,0,0,0,0,0,0,0,0,0,0,0,0,0,0,0,0,2,0,0,2,0,0,0,0,0,0,0,0,0,0,0,0,0,0
ERR1725995,MGYS00001312,2,1,439,0,418,0,0,0,1,0,3,0,0,0,3172,65,0,0,0,0,0,2,3836,1,30,11,34,0,0,0,0,0,0,0,0,0,0,0,0,0,0,0,0,0,0,0,0,0,0,0,0,0,0,0,0,0,0,0,0,0,0,0,0,0,0,0,0,0,0,0,0,0
ERR1713378,MGYS00001312,604,23,1756,2,1474,0,5,3,268,0,155,0,3,6,13513,176,2,0,0,11,2,59,13681,21,948,144,936,0,0,0,0,0,0,0,0,0,0,0,0,0,0,0,0,0,0,0,0,0,0,0,1,0,0,1,6,0,0,0,0,0,0,0,0,0,0,0,0,0,0,0,0,0
ERR1725998,MGYS00001312,234,147,420,15,4772,0,19,5,584,0,28,0,4,31,2958,604,19,0,0,46,59,91,10882,707,535,235,528,0,0,0,0,0,0,0,0,0,0,0,0,0,0,0,0,0,0,0,0,0,0,0,4,5,0,1,147,0,0,0,156,0,0,0,0,0,0,0,0,0,0,0,0,0
ERR1713380,MGYS00001312,7,29,557,2,19427,0,0,4,27,0,6,0,5,0,8423,726,3,0,0,0,40,21,60925,9,14,76,109,0,0,0,0,0,0,0,0,0,0,0,0,0,0,0,0,0,0,0,0,0,0,0,0,0,0,0,8,0,0,3,1,0,0,0,0,0,0,0,0,0,0,0,0,0
ERR1713381,MGYS00001312,958,11,11148,0,3781,0,0,1,300,0,113,0,1,6,67559,397,12,0,0,3,1,24,7793,47,113,1113,131,0,0,0,0,0,0,0,0,0,0,0,0,0,0,0,0,0,0,0,0,0,0,0,0,0,0,0,5,0,1,3,0,0,0,0,0,0,0,0,0,0,0,0,0,0
ERR1713382,MGYS00001312,18,19,624,2,43854,0,2,2,20,0,4,0,0,0,8303,1783,7,0,0,0,0,9,129952,5,34,51,64,0,0,0,0,0,0,0,0,0,0,0,0,0,0,0,0,0,0,0,0,0,0,0,1,0,0,0,4,0,0,0,0,0,0,0,0,0,0,0,0,0,0,0,0,0
ERR1713383,MGYS00001312,247,23,1372,6,2682,0,25,0,395,0,27,0,1,11,16416,1668,5,0,0,4,0,56,11340,76,527,272,397,0,0,0,0,0,0,0,0,0,0,0,0,0,0,0,0,0,0,0,0,0,0,0,0,0,0,0,17,0,0,1,12,0,0,0,0,0,0,0,0,0,0,0,0,0
ERR1713384,MGYS00001312,209,32,3202,9,9482,0,16,4,112,0,107,0,16,14,42439,1089,4,0,0,9,1,79,28968,310,934,545,817,0,0,0,0,0,0,0,0,0,0,0,0,0,0,0,0,0,0,0,0,0,0,0,0,0,0,1,10,0,0,3,0,0,0,0,0,0,0,0,0,0,0,0,0,0
ERR1713385,MGYS00001312,134,13,791,0,5284,0,1,0,19,0,202,1,13,6,16243,1903,9,0,0,20,0,93,26562,79,103,417,157,0,0,0,0,0,0,0,0,0,0,0,0,0,0,0,0,0,0,0,0,0,0,0,0,0,0,0,3,0,0,0,3,0,0,0,0,0,0,0,0,0,0,0,0,0
ERR1713386,MGYS00001312,398,9,2296,2,1708,0,0,4,68,0,86,0,4,1,13544,446,15,0,0,4,1,24,247082,22,275,168,161,0,0,0,0,0,0,0,0,0,0,0,0,0,0,0,0,0,0,0,0,0,0,0,1,0,0,0,2,0,0,1,4,0,0,0,0,0,0,0,0,0,0,0,0,0
ERR1726001,MGYS00001312,14,7,69,11,532,0,19,3,125,0,3,0,0,1,903,44,0,0,0,0,0,9,3624,36,71,7,138,0,0,0,0,0,0,0,0,0,0,0,0,0,0,0,0,0,0,0,0,0,0,0,1,0,0,0,39,0,0,0,1,0,0,0,0,0,0,0,0,0,0,0,0,0
ERR1713388,MGYS00001312,103,10,1101,1,3540,0,0,2,20,0,21,0,0,0,18117,1174,8,0,0,3,0,76,33095,4,51,217,272,0,0,0,0,0,0,0,0,0,0,0,0,0,0,0,0,0,0,0,0,0,0,0,0,0,0,0,0,0,0,0,0,0,0,0,0,0,0,0,0,0,0,0,0,0
ERR1713389,MGYS00001312,45,22,926,3,7652,0,0,4,43,0,67,0,4,23,13003,1167,5,0,0,12,0,38,30029,18,185,66,251,0,0,0,0,0,0,0,0,0,0,0,0,0,0,0,0,0,0,0,0,0,0,0,0,0,0,0,18,0,0,27,0,0,0,0,0,0,0,0,0,0,0,0,0,0
ERR1726004,MGYS00001312,98,4,250,0,510,0,0,0,125,0,4,0,0,2,6223,207,3,0,0,6,0,7,2944,25,52,45,119,0,0,0,0,0,0,0,0,0,0,0,0,0,0,0,0,0,0,0,0,0,0,0,0,0,0,0,0,0,0,0,567,0,0,0,0,0,0,0,0,0,0,0,0,0
ERR1713391,MGYS00001312,38,12,438,2,1249,0,0,0,24,0,2,0,0,2,5270,451,1,0,0,1,0,16,7343,7,51,91,119,0,0,0,0,0,0,0,0,0,0,0,0,0,0,0,0,0,0,0,0,0,0,0,0,0,0,0,8,0,0,1,0,0,0,0,0,0,0,0,0,0,0,0,0,0
ERR1726006,MGYS00001312,18,3,517,2,3867,0,0,4,22,0,8,0,0,0,5700,251,3,0,0,0,0,9,23234,0,10,57,103,0,0,0,0,0,0,0,0,0,0,0,0,0,0,0,0,0,0,0,0,0,0,0,0,0,0,0,2,0,0,2,0,0,0,0,0,0,0,0,0,0,0,0,0,0
ERR1726007,MGYS00001312,2,2,15,0,126,0,0,0,1,0,1,0,0,0,504,7,0,0,0,0,0,0,15031,0,0,2,4,0,0,0,0,0,0,0,0,0,0,0,0,0,0,0,0,0,0,0,0,0,0,0,0,0,0,0,0,0,0,0,0,0,0,0,0,0,0,0,0,0,0,0,0,0
ERR1713394,MGYS00001312,110,18,821,27,45078,0,17,3,75,0,42,0,0,0,26793,63,5,0,0,32,0,8,54202,2821,3401,23267,390,0,0,0,0,0,0,0,0,0,0,0,0,0,0,0,0,0,0,0,0,0,0,0,0,0,0,0,75,0,0,0,2,0,0,0,0,0,0,0,0,0,0,0,0,0
ERR1713395,MGYS00001312,2,5,485,0,25509,0,1,0,26,0,5,0,0,0,1533,345,3,0,0,0,0,6,75744,4,23,28,22,0,0,0,0,0,0,0,0,0,0,0,0,0,0,0,0,0,0,0,0,0,0,0,0,0,0,0,0,0,0,0,9,0,0,0,0,0,0,0,0,0,0,0,0,0
ERR1713396,MGYS00001312,17,1,247,0,3283,0,2,0,7,0,21,0,15,0,3283,45,0,0,0,20,0,4,6646,103,10,31,13,0,0,0,0,0,0,0,0,0,0,0,0,0,0,0,0,0,0,0,0,0,0,0,0,0,0,0,2,0,0,3,0,0,0,0,0,0,0,0,0,0,0,0,0,0
ERR1713397,MGYS00001312,807,190,1604,11,3127,0,2,15,109,0,69,0,7,9,13625,3871,15,0,0,0,96,215,23830,70,87,400,249,0,0,0,0,0,0,0,0,0,0,0,0,0,0,0,0,0,0,0,0,0,0,0,0,0,0,0,3,0,0,10,0,0,0,0,0,0,0,0,0,0,0,0,0,0
ERR1713398,MGYS00001312,158,13,2135,1,2626,0,3,1,120,0,13,0,0,1,15026,1099,9,0,0,3,2,11,25078,65,73,98,252,0,0,0,0,0,0,0,0,0,0,0,0,0,0,0,0,0,0,0,0,0,0,0,0,0,0,0,1,0,0,1,1,0,0,0,0,0,0,0,0,0,0,0,0,0
ERR1726013,MGYS00001312,90,9,1401,0,1596,0,0,13,26,0,11,2,0,0,19252,2273,6,0,0,2,0,53,20178,13,266,74,367,0,0,0,0,0,0,0,0,0,0,0,0,0,0,0,0,0,0,0,0,0,0,0,0,0,0,0,2,0,0,1,2,0,0,0,0,0,0,0,0,0,0,0,0,0
ERR1713400,MGYS00001312,132,11,1261,3,1708,0,0,4,27,0,12,1,0,1,19033,2329,9,0,0,1,1,40,20869,29,278,101,340,0,0,0,0,0,0,0,0,0,0,0,0,0,0,0,0,0,0,0,0,0,0,0,0,0,0,0,6,0,0,2,2,0,0,0,0,0,0,0,0,0,0,0,0,0
ERR1726017,MGYS00001312,86,2,716,1,867,0,0,0,28,0,34,0,0,0,9185,1647,3,0,0,0,6,9,7673,2,20,27,100,0,0,0,0,0,0,0,0,0,0,0,0,0,0,0,0,0,0,0,0,0,0,0,0,0,0,0,2,0,0,1,0,0,0,0,0,0,0,0,0,0,0,0,0,0
ERR1713402,MGYS00001312,70,11,1006,0,1746,0,3,0,22,0,19,0,0,0,16595,1694,3,0,0,0,0,32,21401,20,130,56,275,0,0,0,0,0,0,0,0,0,0,0,0,0,0,0,0,0,0,0,0,0,0,0,0,0,0,0,1,0,0,0,2,0,0,0,0,0,0,0,0,0,0,0,0,0
ERR1713403,MGYS00001312,105,2,514,1,278,0,26,8,496,0,3,0,0,0,4097,359,1,0,0,0,0,24,5696,15,126,13,466,0,0,0,0,0,0,0,0,0,0,0,0,0,0,0,0,0,0,0,0,0,0,0,0,0,0,0,1,0,0,0,2,0,0,0,0,0,0,0,0,0,0,0,0,0
ERR1726026,MGYS00001312,5,7,115,1,190,0,0,0,5,0,0,0,0,0,1663,124,0,0,0,0,0,4,1904,3,16,7,36,0,0,0,0,0,0,0,0,0,0,0,0,0,0,0,0,0,0,0,0,0,0,0,0,0,0,0,5,0,0,0,0,0,0,0,0,0,0,0,0,0,0,0,0,0
ERR1713405,MGYS00001312,318,36,2469,9,10828,0,3,7,58,0,52,1,6,81,31342,16286,10,0,0,39,0,107,55762,92,601,188,695,0,0,0,0,0,0,0,0,0,0,0,0,0,0,0,0,0,0,0,0,0,0,0,0,0,0,0,14,0,0,2,7,0,0,0,0,0,0,0,0,0,0,0,0,0
ERR1713406,MGYS00001312,109,67,2778,4,2012,0,1,2,180,0,11,0,0,5,13434,1432,5,0,0,1,1,216,32405,41,306,123,990,0,0,0,0,0,0,0,0,0,0,0,0,0,0,0,0,0,0,0,0,0,0,0,0,0,0,0,37,0,0,0,1,0,0,0,0,0,0,0,0,0,0,0,0,0
ERR1713407,MGYS00001312,11,10,145,3,17679,0,5,1,28,0,19,0,0,0,1954,75,3,0,0,0,0,5,163024,7,231,29,47,0,0,0,0,0,0,0,0,0,0,0,0,0,0,0,0,0,0,0,0,0,0,0,0,0,0,0,17,0,0,0,0,0,0,0,0,0,0,0,0,0,0,0,0,0
ERR1713408,MGYS00001312,149,11,1239,2,4021,0,0,0,7,0,307,0,3,9,29896,2197,19,0,0,1,1,30,51975,20,24,267,68,0,0,0,0,0,0,0,0,0,0,0,0,0,0,0,0,0,0,0,0,0,0,0,0,0,0,1,1,0,0,0,0,0,0,0,0,0,0,0,0,0,0,0,0,0
ERR1713409,MGYS00001312,146,4,1604,1,879,0,0,3,12,0,16,0,0,0,14773,3183,7,0,0,0,0,38,15853,14,69,230,247,0,0,0,0,0,0,0,0,0,0,0,0,0,0,0,0,0,0,0,0,0,0,0,0,0,0,0,1,0,0,0,5,0,0,0,0,0,0,0,0,0,0,0,0,0
ERR1713410,MGYS00001312,384,28,1152,3,2858,0,7,0,30,0,103,1,3,7,20000,913,8,0,0,5,0,41,18016,33,205,173,369,0,0,0,0,0,0,0,0,0,0,0,0,0,0,0,0,0,0,0,0,0,0,0,0,0,0,0,2,0,0,2,0,0,0,0,0,0,0,0,0,0,0,0,0,0
ERR1726032,MGYS00001312,99,42,876,1,2711,0,0,2,15,0,68,2,11,3,11002,1633,3,0,0,12,0,14,19565,43,189,165,264,0,0,0,0,0,0,0,0,0,0,0,0,0,0,0,0,0,0,0,0,0,0,0,0,0,0,0,1,0,0,0,0,0,0,0,0,0,0,0,0,0,0,0,0,0
ERR2808645,MGYS00005055,29,10,1420,1,1702,0,0,2,178,0,7,1,1,0,398,6,11,8,0,0,4,41,4488,8,9,1,87,14,0,1,0,3,0,0,2,12,0,0,0,0,0,0,0,0,0,0,0,0,1,7,1,0,0,0,0,0,0,0,0,0,4,0,0,0,0,0,0,1,0,0,0,0
ERR2808646,MGYS00005055,18,123,856,4,1581,0,1,14,494,0,19,0,6,8,286,7,35,47,5,0,37,99,3764,74,10,0,176,8,1,1,3,1,0,0,0,12,0,0,0,0,0,0,0,0,0,0,0,0,1,3,0,0,0,0,1,0,0,0,1,0,0,1,2,0,10,0,0,1,0,0,0,1
ERR2808647,MGYS00005055,30,17,1266,1,1557,0,0,2,164,0,7,0,3,0,354,10,12,7,1,0,3,36,4067,5,14,3,94,13,0,2,1,1,0,0,2,8,1,0,0,0,0,0,0,0,0,0,0,0,0,4,0,0,0,0,0,0,0,0,0,0,1,0,0,0,0,0,0,0,0,0,0,0
ERR2808648,MGYS00005055,16,76,957,4,2134,0,0,30,347,0,28,0,1,5,395,21,35,15,0,0,2,66,5663,231,16,4,219,5,2,3,2,2,0,0,5,35,3,0,0,0,0,0,0,0,0,0,0,0,0,809,0,0,0,0,0,0,0,0,0,2,1,0,3,0,0,1,0,1,0,1,0,19
ERR2808649,MGYS00005055,2,308,1015,2,1585,0,0,30,252,0,29,0,0,8,249,11,36,21,3,1,32,68,3902,209,11,5,153,2,0,3,0,2,0,0,1,32,0,0,0,0,0,0,0,0,0,0,0,0,0,2,0,0,0,0,0,0,0,0,1,0,0,1,3,0,2,0,0,0,0,0,1,0
ERR2808650,MGYS00005055,14,75,881,3,2042,0,0,31,322,0,29,0,1,6,361,19,32,18,3,0,9,61,5409,224,22,4,204,4,0,3,2,0,0,0,4,30,21,0,0,0,0,0,0,0,0,0,0,0,0,811,0,0,0,0,0,0,0,0,1,1,1,0,0,0,1,3,0,0,0,0,0,14
ERR2808651,MGYS00005055,14,35,319,0,1414,1,0,17,246,0,27,0,1,1,191,10,28,20,4,0,48,74,3948,214,2,3,142,3,4,4,3,2,0,0,6,18,2,0,0,0,0,0,0,0,0,0,0,0,0,16,1,0,0,0,0,0,0,0,0,0,0,1,2,0,4,3,0,0,1,0,0,2
ERR2808652,MGYS00005055,6,236,984,3,2318,0,0,3,456,0,42,0,1,13,376,25,27,23,6,1,14,83,6126,115,12,3,208,21,0,0,2,3,0,0,5,3,0,0,0,0,0,0,0,0,0,0,0,0,0,10,0,0,0,0,0,0,0,0,0,1,0,0,0,0,0,0,0,0,0,0,1,0
ERR2808653,MGYS00005055,4,59,1080,4,2238,0,0,11,110,0,30,0,3,1,259,18,53,34,0,0,42,102,4623,223,15,1,211,11,0,2,2,5,0,0,10,31,1,0,0,0,0,0,0,0,0,0,0,0,0,2,0,0,0,0,0,0,0,0,0,0,2,0,0,0,0,0,0,1,1,0,0,2
ERR2808654,MGYS00005055,9,62,204,2,1847,0,0,3,99,0,17,0,0,2,516,55,3,5,0,0,15,10,15510,4,11,2,71,6,1,0,6,4,0,0,83,1,0,0,0,0,0,0,0,0,0,0,0,0,0,8,0,0,0,0,0,0,0,0,0,0,0,0,0,0,3,0,0,0,0,0,1,0
ERR2808655,MGYS00005055,12,145,864,3,1842,0,0,6,489,0,42,0,4,9,295,9,48,45,6,1,43,95,4006,88,6,5,196,6,5,2,3,2,0,0,3,6,2,0,0,0,0,0,0,0,0,0,0,0,1,0,0,0,0,0,1,0,0,0,2,0,0,3,0,0,20,0,0,0,1,0,2,0
ERR2808656,MGYS00005055,8,71,1160,7,1593,0,0,16,285,0,101,0,1,2,370,18,29,23,3,1,3,86,4733,475,14,6,225,8,0,1,2,3,0,0,5,19,0,0,0,0,0,0,0,0,0,0,0,0,1,7,0,0,0,0,0,0,0,0,1,2,7,1,0,0,0,1,9,1,0,0,4,0
ERR2808657,MGYS00005055,13,161,906,5,1954,0,0,5,520,0,36,0,7,9,330,10,48,47,6,1,40,108,4329,95,6,4,208,7,2,4,3,2,0,0,3,6,0,0,0,0,0,0,0,0,0,0,0,0,0,5,0,0,0,0,1,0,0,0,1,0,1,0,0,0,17,0,0,0,0,0,2,0
ERR2808658,MGYS00005055,4,219,912,2,2061,0,0,3,421,0,33,0,2,8,357,25,22,21,5,0,18,81,5687,101,15,1,183,25,0,2,0,2,0,0,1,1,0,0,0,0,0,0,0,0,0,0,0,0,0,6,0,0,0,0,0,0,0,0,0,3,0,2,0,0,0,0,0,0,0,0,0,0
ERR2808659,MGYS00005055,9,9,1465,0,1516,0,0,8,27,0,21,0,0,7,252,8,116,5,3,1,11,8,5755,119,5,3,126,7,3,9,4,0,0,0,4,5,1,0,0,0,0,0,0,0,0,0,0,0,0,8,0,0,0,0,0,0,0,0,0,3,0,0,0,0,3,0,0,0,0,0,0,0
ERR2808660,MGYS00005055,14,38,341,0,1581,0,0,16,257,0,36,0,0,1,209,13,31,18,0,0,51,74,4248,226,7,3,155,5,1,7,0,5,0,0,6,23,0,0,0,0,0,0,0,0,0,0,0,0,1,15,1,0,0,0,0,0,0,0,0,0,0,3,4,0,5,0,1,0,1,0,0,0
ERR2808661,MGYS00005055,15,108,743,3,1402,0,1,13,451,0,21,0,5,4,267,8,34,39,6,0,31,92,3388,76,10,1,161,7,1,0,2,2,0,0,4,12,1,0,0,0,0,0,0,0,0,0,0,0,0,3,0,0,0,0,0,0,0,0,0,0,0,0,0,0,7,1,0,0,0,0,0,1
ERR2808662,MGYS00005055,6,80,1289,8,1804,1,0,21,331,0,106,0,0,2,409,23,31,27,6,1,2,101,5276,538,8,7,240,14,1,3,1,2,0,0,6,11,2,0,0,0,0,0,0,0,0,0,0,0,2,11,0,0,0,0,0,0,0,0,1,0,6,0,1,0,0,1,3,0,1,0,0,0
ERR2808663,MGYS00005055,1,61,767,3,1288,0,0,4,177,0,25,0,2,0,202,8,42,27,1,0,45,79,3339,77,3,1,124,1,0,0,1,1,0,0,5,5,0,0,0,0,0,0,0,0,0,0,0,0,0,0,0,0,0,0,0,0,0,0,0,0,0,0,1,0,0,0,0,0,0,0,0,1
ERR2808664,MGYS00005055,2,359,1127,2,1718,0,0,28,284,0,31,0,1,7,288,16,35,21,3,1,27,78,4220,226,18,4,154,2,0,3,4,3,0,0,2,35,5,0,0,0,0,0,0,0,0,0,0,0,1,5,0,0,0,0,0,0,0,0,0,0,0,2,0,1,2,0,0,2,0,1,1,0
ERR2808665,MGYS00005055,1,60,834,4,1387,0,0,4,192,0,24,1,2,1,214,9,47,25,0,0,55,85,3598,77,5,1,140,0,1,0,0,1,0,0,6,8,0,0,0,0,0,0,0,0,0,0,0,0,0,0,0,0,0,0,0,0,0,0,0,0,0,1,0,0,0,0,0,0,0,0,0,0
ERR2808666,MGYS00005055,10,8,1542,0,1679,0,0,11,31,0,23,0,0,7,269,4,128,3,2,1,7,12,6285,130,10,4,141,7,2,9,2,1,0,0,3,6,1,0,0,0,0,0,0,0,0,0,0,0,0,5,0,0,0,0,0,0,0,0,0,0,2,1,1,0,5,0,0,0,0,0,0,1
ERR2808667,MGYS00005055,4,57,1162,4,2424,0,0,12,111,0,30,0,3,2,281,22,64,36,2,0,36,111,4923,240,5,1,223,14,0,5,1,5,0,0,7,22,2,0,0,0,0,0,0,0,0,0,0,0,1,1,0,0,0,0,0,0,0,0,0,0,2,1,0,0,0,1,0,0,3,1,0,0
ERR2808668,MGYS00005055,9,68,242,2,1965,0,0,2,107,0,20,0,0,2,540,63,4,3,0,0,23,11,16910,5,6,4,81,7,1,1,6,1,0,0,89,1,0,0,0,0,0,0,0,0,0,0,0,0,0,3,0,0,0,0,0,0,0,0,0,0,0,0,0,0,2,0,0,0,0,0,0,0
ERR1341804,MGYS00000648,761,39,198,12,2672,0,0,2,856,0,174,24,0,14,856,3,51,0,0,66,0,96,6788,294,272,26,309,0,0,0,0,0,0,0,0,0,0,0,0,0,0,0,0,0,0,0,0,0,0,0,6,5,0,0,102,0,0,80,66,0,0,0,0,0,0,0,0,0,0,0,0,0
ERR1341803,MGYS00000648,1670,18,673,3,13487,0,0,0,139,0,27,0,0,238,3998,261,3,0,0,152,0,73,6803,3030,98,2327,157,0,0,0,0,0,0,0,0,0,0,0,0,0,0,0,0,0,0,0,0,0,0,0,1,22,0,1,11,0,0,1,39,0,0,0,0,0,0,0,0,0,0,0,0,0
ERR1467143,MGYS00001135,3,2,110,0,564,0,0,0,17,0,0,0,0,0,1700,115,1,0,0,2,0,7,2400,7,10,17,25,0,0,0,0,0,0,0,0,0,0,0,0,0,0,0,0,0,0,0,0,0,0,0,0,0,0,0,0,0,0,0,0,0,0,0,0,0,0,0,0,0,0,0,0,0
ERR1467146,MGYS00001135,1,0,75,0,298,0,0,0,6,0,1,0,0,0,951,337,0,0,0,0,1,0,2072,0,1,8,4,0,0,0,0,0,0,0,0,0,0,0,0,0,0,0,0,0,0,0,0,0,0,0,0,0,0,0,0,0,0,0,0,0,0,0,0,0,0,0,0,0,0,0,0,0
ERR1467154,MGYS00001135,3,0,83,0,114,0,0,0,2,0,2,0,0,0,796,113,0,0,0,0,0,1,1182,0,0,8,14,0,0,0,0,0,0,0,0,0,0,0,0,0,0,0,0,0,0,0,0,0,0,0,0,0,0,0,1,0,0,0,0,0,0,0,0,0,0,0,0,0,0,0,0,0
ERR1470829,MGYS00001135,3,0,63,0,389,0,0,0,2,0,0,0,0,0,1176,234,0,0,0,0,0,0,2520,2,1,16,15,0,0,0,0,0,0,0,0,0,0,0,0,0,0,0,0,0,0,0,0,0,0,0,0,0,0,0,1,0,0,0,0,0,0,0,0,0,0,0,0,0,0,0,0,0
ERR1512985,MGYS00001135,6,1,67,0,288,0,0,0,5,0,1,0,0,0,810,205,0,0,0,0,0,5,2152,2,12,16,19,0,0,0,0,0,0,0,0,0,0,0,0,0,0,0,0,0,0,0,0,0,0,0,0,0,0,0,1,0,0,0,0,0,0,0,0,0,0,0,0,0,0,0,0,0
ERR1512995,MGYS00001135,3,0,23,1,149,0,0,0,4,0,4,0,0,0,535,198,1,0,0,0,0,2,3983,0,0,3,7,0,0,0,0,0,0,0,0,0,0,0,0,0,0,0,0,0,0,0,0,0,0,0,0,0,0,0,0,0,0,0,0,0,0,0,0,0,0,0,0,0,0,0,0,0
ERR1513004,MGYS00001135,5,1,93,0,340,0,0,1,4,0,2,0,0,0,1419,237,2,0,0,1,0,6,3145,2,8,25,23,0,0,0,0,0,0,0,0,0,0,0,0,0,0,0,0,0,0,0,0,0,0,0,0,0,0,0,0,0,0,0,0,0,0,0,0,0,0,0,0,0,0,0,0,0
ERR1513005,MGYS00001135,8,0,155,1,303,0,1,0,10,0,0,0,0,0,1820,434,2,0,0,1,0,4,2393,1,5,14,26,0,0,0,0,0,0,0,0,0,0,0,0,0,0,0,0,0,0,0,0,0,0,0,0,0,0,0,0,0,0,2,0,0,0,0,0,0,0,0,0,0,0,0,0,0
ERR1513006,MGYS00001135,3,1,98,0,352,0,0,0,4,0,0,0,0,1,1651,195,1,0,0,1,0,3,2652,1,2,25,11,0,0,0,0,0,0,0,0,0,0,0,0,0,0,0,0,0,0,0,0,0,0,0,0,0,0,0,1,0,0,0,0,0,0,0,0,0,0,0,0,0,0,0,0,0
ERR1525434,MGYS00001135,1,0,21,0,117,0,0,0,1,0,0,0,0,0,315,60,1,0,0,0,0,0,876,0,2,10,1,0,0,0,0,0,0,0,0,0,0,0,0,0,0,0,0,0,0,0,0,0,0,0,0,0,0,0,0,0,0,0,0,0,0,0,0,0,0,0,0,0,0,0,0,0
ERR1525436,MGYS00001135,1,0,56,3,218,0,0,0,1,0,2,0,0,0,1053,222,1,0,0,0,0,4,1842,0,3,16,9,0,0,0,0,0,0,0,0,0,0,0,0,0,0,0,0,0,0,0,0,0,0,0,0,0,0,0,2,0,0,0,0,0,0,0,0,0,0,0,0,0,0,0,0,0
ERR1525439,MGYS00001135,13,2,28,0,252,0,1,0,18,0,0,0,0,0,298,110,0,0,0,1,0,1,2197,9,10,5,6,0,0,0,0,0,0,0,0,0,0,0,0,0,0,0,0,0,0,0,0,0,0,0,0,1,0,0,3,0,0,0,4,0,0,0,0,0,0,0,0,0,0,0,0,0
ERR1525446,MGYS00001135,3,1,50,0,365,0,0,1,1,0,1,0,0,0,1160,69,0,0,0,0,1,3,1513,3,0,15,18,0,0,0,0,0,0,0,0,0,0,0,0,0,0,0,0,0,0,0,0,0,0,0,0,0,0,0,0,0,0,0,0,0,0,0,0,0,0,0,0,0,0,0,0,0
ERR1467152,MGYS00001135,1,1,218,0,220,0,0,0,2,0,1,0,0,0,1976,442,1,0,0,0,0,0,2075,1,0,14,31,0,0,0,0,0,0,0,0,0,0,0,0,0,0,0,0,0,0,0,0,0,0,0,0,0,0,0,0,0,0,0,0,0,0,0,0,0,0,0,0,0,0,0,0,0
ERR1470825,MGYS00001135,7,1,102,1,331,0,0,1,2,0,1,0,0,0,1574,307,0,0,0,0,0,2,2433,1,2,14,20,0,0,0,0,0,0,0,0,0,0,0,0,0,0,0,0,0,0,0,0,0,0,0,0,0,0,0,0,0,0,0,0,0,0,0,0,0,0,0,0,0,0,0,0,0
ERR1470827,MGYS00001135,10,0,92,0,1127,0,0,1,8,0,0,0,0,0,1333,248,2,0,0,0,0,4,3626,0,1,9,13,0,0,0,0,0,0,0,0,0,0,0,0,0,0,0,0,0,0,0,0,0,0,0,0,0,0,0,0,0,0,0,0,0,0,0,0,0,0,0,0,0,0,0,0,0
ERR1470830,MGYS00001135,7,0,110,0,695,0,0,1,6,0,0,0,0,0,1787,413,0,0,0,0,0,0,3610,2,4,17,19,0,0,0,0,0,0,0,0,0,0,0,0,0,0,0,0,0,0,0,0,0,0,0,0,0,0,0,0,0,0,0,0,0,0,0,0,0,0,0,0,0,0,0,0,0
ERR1512988,MGYS00001135,27,3,24,1,505,0,2,0,26,0,0,0,0,4,537,197,1,0,0,7,0,0,2340,24,11,14,35,0,0,0,0,0,0,0,0,0,0,0,0,0,0,0,0,0,0,0,0,0,0,0,0,0,0,0,11,0,0,1,14,0,0,0,0,0,0,0,0,0,0,0,0,0
ERR1512993,MGYS00001135,4,1,120,1,239,0,0,0,4,0,2,0,0,0,1541,207,0,0,0,0,0,3,2449,0,8,15,22,0,0,0,0,0,0,0,0,0,0,0,0,0,0,0,0,0,0,0,0,0,0,0,0,0,0,0,1,0,0,0,0,0,0,0,0,0,0,0,0,0,0,0,0,0
ERR1514429,MGYS00001135,3,0,143,1,298,0,0,0,3,0,3,0,0,0,2317,576,1,0,0,0,0,4,2880,2,8,34,31,0,0,0,0,0,0,0,0,0,0,0,0,0,0,0,0,0,0,0,0,0,0,0,0,0,0,0,1,0,0,0,0,0,0,0,0,0,0,0,0,0,0,0,0,0
ERR1525437,MGYS00001135,0,0,9,0,193,0,0,0,3,0,1,0,0,0,155,31,0,0,0,0,1,0,671,1,1,1,1,0,0,0,0,0,0,0,0,0,0,0,0,0,0,0,0,0,0,0,0,0,0,0,0,0,0,0,2,0,0,0,0,0,0,0,0,0,0,0,0,0,0,0,0,0
ERR1525438,MGYS00001135,6,0,41,0,244,0,0,1,3,0,1,0,0,0,777,151,1,0,0,1,0,1,2560,2,3,6,9,0,0,0,0,0,0,0,0,0,0,0,0,0,0,0,0,0,0,0,0,0,0,0,0,0,0,0,0,0,0,0,0,0,0,0,0,0,0,0,0,0,0,0,0,0
ERR1525440,MGYS00001135,4,3,97,0,238,0,0,1,4,0,4,0,0,0,901,73,1,0,0,1,0,0,2788,0,3,10,15,0,0,0,0,0,0,0,0,0,0,0,0,0,0,0,0,0,0,0,0,0,0,0,0,0,0,0,0,0,0,0,0,0,0,0,0,0,0,0,0,0,0,0,0,0
ERR1525444,MGYS00001135,0,0,37,0,633,0,0,0,2,0,2,0,0,0,1449,135,0,0,0,0,0,1,2065,0,2,10,12,0,0,0,0,0,0,0,0,0,0,0,0,0,0,0,0,0,0,0,0,0,0,0,0,0,0,0,0,0,0,0,0,0,0,0,0,0,0,0,0,0,0,0,0,0
ERR1512987,MGYS00001135,0,0,73,0,266,0,0,0,2,0,1,0,0,0,1178,277,1,0,0,0,0,2,3597,1,1,25,21,0,0,0,0,0,0,0,0,0,0,0,0,0,0,0,0,0,0,0,0,0,0,0,0,0,0,0,0,0,0,0,0,0,0,0,0,0,0,0,0,0,0,0,0,0
ERR1512998,MGYS00001135,1,3,48,0,195,0,0,0,5,0,0,0,0,0,770,238,0,0,0,0,0,3,3236,2,2,7,5,0,0,0,0,0,0,0,0,0,0,0,0,0,0,0,0,0,0,0,0,0,0,0,0,0,0,0,0,0,0,0,0,0,0,0,0,0,0,0,0,0,0,0,0,0
ERR1467142,MGYS00001135,3,0,120,0,211,0,0,0,3,0,0,0,0,0,1411,262,0,0,0,1,0,1,1589,0,3,12,14,0,0,0,0,0,0,0,0,0,0,0,0,0,0,0,0,0,0,0,0,0,0,0,0,0,0,1,1,0,0,0,0,0,0,0,0,0,0,0,0,0,0,0,0,0
ERR1467148,MGYS00001135,2,1,88,0,401,0,0,0,9,0,2,0,0,0,1375,156,0,0,0,0,0,2,2333,0,2,22,20,0,0,0,0,0,0,0,0,0,0,0,0,0,0,0,0,0,0,0,0,0,0,0,0,0,0,0,0,0,0,0,0,0,0,0,0,0,0,0,0,0,0,0,0,0
ERR1467149,MGYS00001135,4,0,153,0,421,0,0,0,2,0,3,0,0,0,2373,296,0,0,0,0,0,2,2925,3,2,38,28,0,0,0,0,0,0,0,0,0,0,0,0,0,0,0,0,0,0,0,0,0,0,0,0,0,0,0,0,0,0,0,0,0,0,0,0,0,0,0,0,0,0,0,0,0
ERR1512984,MGYS00001135,3,0,125,1,245,0,0,1,4,0,1,0,1,0,1212,365,0,0,0,1,0,0,2236,1,2,10,18,0,0,0,0,0,0,0,0,0,0,0,0,0,0,0,0,0,0,0,0,0,0,0,0,0,0,1,0,0,0,0,0,0,0,0,0,0,0,0,0,0,0,0,0,0
ERR1514428,MGYS00001135,9,0,103,0,315,0,0,0,3,0,2,0,0,0,1934,167,3,0,0,0,0,8,2383,2,7,50,22,0,0,0,0,0,0,0,0,0,0,0,0,0,0,0,0,0,0,0,0,0,0,0,0,0,0,0,0,0,0,2,0,0,0,0,0,0,0,0,0,0,0,0,0,0
ERR1525443,MGYS00001135,1,0,78,0,1015,0,0,0,6,0,0,0,0,0,1651,345,0,0,0,1,0,2,3257,0,2,16,19,0,0,0,0,0,0,0,0,0,0,0,0,0,0,0,0,0,0,0,0,0,0,0,0,0,0,0,0,0,0,0,0,0,0,0,0,0,0,0,0,0,0,0,0,0
ERR1467150,MGYS00001135,7,1,78,0,378,0,0,0,3,0,0,0,0,0,1400,394,0,0,0,1,1,2,2220,0,1,10,16,0,0,0,0,0,0,0,0,0,0,0,0,0,0,0,0,0,0,0,0,0,0,0,0,0,0,0,0,0,0,1,0,0,0,0,0,0,0,0,0,0,0,0,0,0
ERR1470824,MGYS00001135,6,1,100,1,411,0,0,0,1,0,1,0,0,0,1370,286,1,0,0,0,0,1,2323,0,1,13,26,0,0,0,0,0,0,0,0,0,0,0,0,0,0,0,0,0,0,0,0,0,0,0,0,0,0,0,0,0,0,0,0,0,0,0,0,0,0,0,0,0,0,0,0,0
ERR1514430,MGYS00001135,1,4,29,4,1700,0,0,0,11,0,4,0,0,6,736,284,0,0,0,1,0,1,6061,13,2,5,12,0,0,0,0,0,0,0,0,0,0,0,0,0,0,0,0,0,0,0,0,0,0,0,0,0,0,0,0,0,0,0,0,0,0,0,0,0,0,0,0,0,0,0,0,0
ERR1525445,MGYS00001135,5,3,68,1,658,0,0,1,11,0,1,0,0,0,1308,484,0,0,0,0,0,2,3372,7,9,13,20,0,0,0,0,0,0,0,0,0,0,0,0,0,0,0,0,0,0,0,0,0,0,0,0,0,0,0,2,0,0,0,8,0,0,0,0,0,0,0,0,0,0,0,0,0
ERR1512997,MGYS00001135,5,1,98,0,226,0,0,0,6,0,1,0,0,0,1169,253,1,0,0,1,1,2,1515,1,2,6,26,0,0,0,0,0,0,0,0,0,0,0,0,0,0,0,0,0,0,0,0,0,0,0,0,0,0,0,1,0,0,0,0,0,0,0,0,0,0,0,0,0,0,0,0,0
ERR1514427,MGYS00001135,8,1,144,0,205,0,0,0,5,0,2,0,1,0,1685,225,0,0,0,0,0,1,1912,1,8,25,20,0,0,0,0,0,0,0,0,0,0,0,0,0,0,0,0,0,0,0,0,0,0,0,0,0,0,0,0,0,0,1,0,0,0,0,0,0,0,0,0,0,0,0,0,0
ERR1467144,MGYS00001135,7,0,109,0,330,0,0,1,1,0,0,0,0,0,1334,336,0,0,0,0,0,3,2146,0,2,23,24,0,0,0,0,0,0,0,0,0,0,0,0,0,0,0,0,0,0,0,0,0,0,0,0,0,0,0,0,0,0,0,0,0,0,0,0,0,0,0,0,0,0,0,0,0
ERR1467145,MGYS00001135,4,0,233,0,244,0,0,0,2,0,2,0,0,0,2417,175,2,0,0,0,0,3,2201,1,0,23,20,0,0,0,0,0,0,0,0,0,0,0,0,0,0,0,0,0,0,0,0,0,0,0,0,0,0,0,0,0,0,0,0,0,0,0,0,0,0,0,0,0,0,0,0,0
ERR1467151,MGYS00001135,3,0,106,0,336,0,0,0,0,0,3,0,0,0,1415,210,1,0,0,0,0,0,1634,1,4,15,27,0,0,0,0,0,0,0,0,0,0,0,0,0,0,0,0,0,0,0,0,0,0,0,0,0,0,0,3,0,0,0,0,0,0,0,0,0,0,0,0,0,0,0,0,0
ERR1470822,MGYS00001135,2,1,202,1,332,0,0,0,3,0,3,0,0,0,2196,185,1,0,0,0,0,1,2187,1,2,19,27,0,0,0,0,0,0,0,0,0,0,0,0,0,0,0,0,0,0,0,0,0,0,0,0,0,0,1,0,0,0,0,0,0,0,0,0,0,0,0,0,0,0,0,0,0
ERR1470828,MGYS00001135,5,2,60,0,565,0,0,0,7,0,2,0,0,0,1211,164,0,0,0,1,0,4,2406,0,0,20,18,0,0,0,0,0,0,0,0,0,0,0,0,0,0,0,0,0,0,0,0,0,0,0,0,0,0,0,1,0,0,2,0,0,0,0,0,0,0,0,0,0,0,0,0,0
ERR1513003,MGYS00001135,1,0,33,1,234,0,0,0,2,0,1,0,0,0,753,341,1,0,0,0,0,2,6476,0,2,11,8,0,0,0,0,0,0,0,0,0,0,0,0,0,0,0,0,0,0,0,0,0,0,0,0,0,0,0,0,0,0,0,0,0,0,0,0,0,0,0,0,0,0,0,0,0
ERR1512986,MGYS00001135,1,2,62,1,399,0,0,0,1,0,0,0,0,0,1077,215,2,0,0,1,0,3,1944,2,1,23,20,0,0,0,0,0,0,0,0,0,0,0,0,0,0,0,0,0,0,0,0,0,0,0,0,0,0,0,0,0,0,0,0,0,0,0,0,0,0,0,0,0,0,0,0,0
ERR1512994,MGYS00001135,3,0,48,0,323,0,0,0,5,0,0,0,0,0,794,130,1,0,0,1,0,2,1602,2,5,15,10,0,0,0,0,0,0,0,0,0,0,0,0,0,0,0,0,0,0,0,0,0,0,0,0,0,0,0,0,0,0,2,0,0,0,0,0,0,0,0,0,0,0,0,0,0
ERR1513007,MGYS00001135,6,8,80,0,252,0,0,0,4,0,0,0,0,0,1048,318,0,0,0,0,0,1,4595,2,3,14,10,0,0,0,0,0,0,0,0,0,0,0,0,0,0,0,0,0,0,0,0,0,0,0,0,0,0,0,0,0,0,0,0,0,0,0,0,0,0,0,0,0,0,0,0,0
ERR1525441,MGYS00001135,4,0,19,0,129,0,0,0,2,0,0,0,0,0,340,58,1,0,0,1,0,1,1587,1,0,9,2,0,0,0,0,0,0,0,0,0,0,0,0,0,0,0,0,0,0,0,0,0,0,0,0,0,0,0,0,0,0,0,0,0,0,0,0,0,0,0,0,0,0,0,0,0
ERR1525442,MGYS00001135,1,0,23,0,176,0,0,0,2,0,0,0,0,0,431,100,1,0,0,0,0,0,2551,3,3,3,4,0,0,0,0,0,0,0,0,0,0,0,0,0,0,0,0,0,0,0,0,0,0,0,0,0,0,0,0,0,0,0,0,0,0,0,0,0,0,0,0,0,0,0,0,0
ERR1467147,MGYS00001135,3,0,162,0,356,0,0,0,2,0,4,0,0,0,2153,573,2,0,0,1,0,0,3084,0,3,34,29,0,0,0,0,0,0,0,0,0,0,0,0,0,0,0,0,0,0,0,0,0,0,0,0,0,0,1,0,0,0,3,0,0,0,0,0,0,0,0,0,0,0,0,0,0
ERR1467153,MGYS00001135,5,2,82,0,174,0,0,0,7,0,0,0,0,0,938,77,4,0,0,0,0,0,1848,2,3,14,13,0,0,0,0,0,0,0,0,0,0,0,0,0,0,0,0,0,0,0,0,0,0,0,0,0,0,0,0,0,0,0,0,0,0,0,0,0,0,0,0,0,0,0,0,0
ERR1470826,MGYS00001135,5,0,178,0,326,0,0,0,6,0,0,0,0,0,826,297,1,0,0,0,0,5,2639,1,2,13,33,0,0,0,0,0,0,0,0,0,0,0,0,0,0,0,0,0,0,0,0,0,0,0,0,0,0,0,0,0,0,0,0,0,0,0,0,0,0,0,0,0,0,0,0,0
ERR1470823,MGYS00001135,6,0,181,1,330,0,0,0,2,0,2,0,0,0,1900,313,1,0,0,1,0,2,3235,0,2,18,23,0,0,0,0,0,0,0,0,0,0,0,0,0,0,0,0,0,0,0,0,0,0,0,0,0,0,0,0,0,0,0,0,0,0,0,0,0,0,0,0,0,0,0,0,0
ERR1467141,MGYS00001135,11,3,54,3,643,0,2,0,24,0,1,0,0,0,969,389,3,0,0,1,0,3,2895,8,3,9,18,0,0,0,0,0,0,0,0,0,0,0,0,0,0,0,0,0,0,0,0,0,0,0,0,0,0,0,0,0,0,0,3,0,0,0,0,0,0,0,0,0,0,0,0,0
ERR1512996,MGYS00001135,4,2,42,0,273,0,1,0,1,0,5,0,0,0,884,175,0,0,0,0,0,3,2109,2,5,18,14,0,0,0,0,0,0,0,0,0,0,0,0,0,0,0,0,0,0,0,0,0,0,0,0,0,0,0,0,0,0,0,0,0,0,0,0,0,0,0,0,0,0,0,0,0
ERR1513002,MGYS00001135,14,0,87,0,478,0,1,0,10,0,5,0,0,0,1352,241,0,0,0,1,0,8,2600,7,10,34,31,0,0,0,0,0,0,0,0,0,0,0,0,0,0,0,0,0,0,0,0,0,0,0,0,0,0,0,0,0,0,1,0,0,0,0,0,0,0,0,0,0,0,0,0,0
ERR1512989,MGYS00001135,0,0,0,0,1,0,0,0,0,0,0,0,0,0,0,0,0,0,0,0,0,0,0,0,0,0,0,0,0,0,0,0,0,0,0,0,0,0,0,0,0,0,0,0,0,0,0,0,0,0,0,0,0,0,0,0,0,0,0,0,0,0,0,0,0,0,0,0,0,0,0,0
ERR1512990,MGYS00001135,3,1,59,0,266,0,0,1,4,0,0,0,0,0,1019,106,1,0,0,1,0,14,1635,3,0,18,12,0,0,0,0,0,0,0,0,0,0,0,0,0,0,0,0,0,0,0,0,0,0,0,0,0,0,0,0,0,0,0,0,0,0,0,0,0,0,0,0,0,0,0,0,0
ERR1512991,MGYS00001135,6,0,44,0,328,0,0,0,1,0,0,0,0,0,635,123,0,0,0,0,0,0,1019,3,6,11,6,0,0,0,0,0,0,0,0,0,0,0,0,0,0,0,0,0,0,0,0,0,0,0,0,0,0,0,0,0,0,0,1,0,0,0,0,0,0,0,0,0,0,0,0,0
ERR1512992,MGYS00001135,5,0,50,2,262,0,0,0,3,0,0,0,0,0,760,102,1,0,0,0,0,6,1616,3,7,5,9,0,0,0,0,0,0,0,0,0,0,0,0,0,0,0,0,0,0,0,0,0,0,0,0,0,0,0,0,0,0,0,0,0,0,0,0,0,0,0,0,0,0,0,0,0
ERR1512999,MGYS00001135,0,0,0,0,0,0,0,0,0,0,0,0,0,0,0,0,0,0,0,0,0,0,0,0,0,0,0,0,0,0,0,0,0,0,0,0,0,0,0,0,0,0,0,0,0,0,0,0,0,0,0,0,0,0,0,0,0,0,0,0,0,0,0,0,0,0,0,0,0,0,0,0
ERR1513000,MGYS00001135,0,0,0,0,0,0,0,0,0,0,0,0,0,0,1,0,0,0,0,0,0,0,0,0,0,0,0,0,0,0,0,0,0,0,0,0,0,0,0,0,0,0,0,0,0,0,0,0,0,0,0,0,0,0,0,0,0,0,0,0,0,0,0,0,0,0,0,0,0,0,0,0
ERR1513001,MGYS00001135,0,0,0,0,0,0,0,0,0,0,0,0,0,0,0,0,0,0,0,0,0,0,0,0,0,0,0,0,0,0,0,0,0,0,0,0,0,0,0,0,0,0,0,0,0,0,0,0,0,0,0,0,0,0,0,0,0,0,0,0,0,0,0,0,0,0,0,0,0,0,0,0
ERR1525435,MGYS00001135,0,1,20,0,167,0,0,0,1,0,0,0,0,0,252,46,0,0,0,0,1,3,757,1,1,4,5,0,0,0,0,0,0,0,0,0,0,0,0,0,0,0,0,0,0,0,0,0,0,0,0,0,0,0,0,0,0,0,0,0,0,0,0,0,0,0,0,0,0,0,0,0
