,study_id,Crenarchaeota,Euryarchaeota,Thaumarchaeota,Acidobacteria,Actinobacteria,Armatimonadetes,Bacteroidetes,Caldiserica,Calditrichaeota,Chlamydiae,Chlorobi,Chloroflexi,Cyanobacteria,Elusimicrobia,Fibrobacteres,Firmicutes,Fusobacteria,Gemmatimonadetes,Ignavibacteriae,Kiritimatiellaeota,Nitrospinae,Nitrospirae,Planctomycetes,Proteobacteria,Spirochaetes,Synergistetes,Tenericutes,Thermotogae,Verrucomicrobia,Annelida,Apicomplexa,Arthropoda,Ascomycota,Bacillariophyta,Basidiomycota,Blastocladiomycota,Chlorophyta,Chordata,Chytridiomycota,Cnidaria,Colponemidia,Cryptomycota,Euglenida,Mollusca,Mucoromycota,Nematoda,Phaeophyceae,Platyhelminthes,Porifera,Rotifera,Streptophyta,Tardigrada,Xenacoelomorpha,Aquificae,Balneolaeota,Chrysiogenetes,Deferribacteres,Lentisphaerae,Thermodesulfobacteria,Brachiopoda,Echinodermata,Haplosporidia,Picozoa,Zoopagomycota,Nanoarchaeota,Dictyoglomi,Thermi,Parvarchaeota,Caldithrix,Poribacteria
ERR2586215,MGYS00002383,0,3,32,519,2040,442,674,0,0,4,0,1109,144,2,0,22,0,26,63,4,1,242,1100,8815,13,1,0,0,120,0,1,3,1,0,0,0,0,0,0,1,1,8,7,0,0,1,0,0,0,68,1,0,0,0,0,0,0,0,0,0,0,0,0,0,0,0,0,0,0,0
ERR2586216,MGYS00002383,0,2,43,645,2184,494,726,0,0,2,0,1068,144,3,0,22,1,29,66,6,0,291,1115,9407,6,1,0,1,139,0,0,3,0,0,0,0,0,0,1,0,1,16,6,0,0,0,0,0,0,39,2,0,1,0,0,0,0,0,0,0,0,0,0,0,0,0,0,0,0,0
ERR2586217,MGYS00002383,2,6,36,689,2305,564,851,0,0,3,0,1205,157,2,0,35,0,35,94,5,0,307,1299,10972,8,0,0,0,181,0,1,4,0,0,0,0,0,1,0,0,0,15,12,0,1,0,0,0,0,69,2,0,0,0,0,0,0,0,0,0,0,0,0,0,0,0,0,0,0,0
ERR2586218,MGYS00002383,0,1,0,244,325,15,4855,0,0,22,0,672,40,8,5,145,7,90,2,18,0,144,225,10009,8,3,0,0,352,8,2,2,10,1,4,0,3,4,7,1,0,5,0,1,3,11,1,0,2,0,4,41,1,0,0,0,0,0,0,0,0,0,0,0,0,0,0,0,0,0
ERR2586219,MGYS00002383,0,2,0,202,298,11,5740,0,0,22,1,746,30,2,8,160,13,83,8,10,0,179,241,11517,19,0,8,0,428,2,2,4,12,4,1,1,4,1,9,1,0,17,0,0,1,15,0,1,0,4,12,35,0,0,0,0,0,0,0,0,0,0,0,0,0,0,0,0,0,0
ERR2586220,MGYS00002383,0,8,0,163,293,13,5213,2,1,13,0,658,38,2,8,148,0,95,3,19,1,193,221,9048,16,1,0,0,374,0,5,1,10,5,1,1,3,4,7,1,0,10,0,0,0,8,0,0,1,2,11,29,0,0,0,0,0,0,0,0,0,0,0,0,0,0,0,0,0,0
ERR2088984,MGYS00001910,0,0,0,0,0,0,0,0,0,0,0,0,0,0,0,0,0,0,0,0,0,0,0,0,0,0,0,0,0,0,0,0,0,0,0,0,0,0,0,0,0,0,0,0,0,0,0,0,0,0,0,0,0,0,0,0,0,0,0,0,0,0,0,0,0,0,0,0,0,0
ERR2088985,MGYS00001910,0,0,0,0,0,0,0,0,0,0,0,0,0,0,0,0,0,0,0,0,0,0,0,0,0,0,0,0,0,0,0,0,0,0,0,0,0,0,0,0,0,0,0,0,0,0,0,0,0,0,0,0,0,0,0,0,0,0,0,0,0,0,0,0,0,0,0,0,0,0
ERR2088986,MGYS00001910,0,0,0,0,0,0,0,0,0,0,0,0,0,0,0,0,0,0,0,0,0,0,0,0,0,0,0,0,0,0,0,0,0,0,0,0,0,0,0,0,0,0,0,0,0,0,0,0,0,0,0,0,0,0,0,0,0,0,0,0,0,0,0,0,0,0,0,0,0,0
ERR2088987,MGYS00001910,0,0,0,0,0,0,0,0,0,0,0,0,0,0,0,0,0,0,0,0,0,0,0,0,0,0,0,0,0,0,0,0,0,0,0,0,0,0,0,0,0,0,0,0,0,0,0,0,0,0,0,0,0,0,0,0,0,0,0,0,0,0,0,0,0,0,0,0,0,0
ERR2088988,MGYS00001910,0,0,0,0,0,0,0,0,0,0,0,0,0,0,0,0,0,0,0,0,0,0,0,0,0,0,0,0,0,0,0,0,0,0,0,0,0,0,0,0,0,0,0,0,0,0,0,0,0,0,0,0,0,0,0,0,0,0,0,0,0,0,0,0,0,0,0,0,0,0
ERR2088989,MGYS00001910,0,0,0,0,0,0,0,0,0,0,0,0,0,0,0,0,0,0,0,0,0,0,0,0,0,0,0,0,0,0,0,0,0,0,0,0,0,0,0,0,0,0,0,0,0,0,0,0,0,0,0,0,0,0,0,0,0,0,0,0,0,0,0,0,0,0,0,0,0,0
ERR2088990,MGYS00001910,0,0,0,0,0,0,0,0,0,0,0,1,0,0,0,0,0,0,0,0,0,0,0,0,0,0,0,0,0,0,0,0,0,0,0,0,0,0,0,0,0,0,0,0,0,0,0,0,0,0,0,0,0,0,0,0,0,0,0,0,0,0,0,0,0,0,0,0,0,0
ERR2088991,MGYS00001910,0,0,0,0,0,0,0,0,0,0,0,0,0,0,0,0,0,0,0,0,0,0,0,0,0,0,0,0,0,0,0,0,0,0,0,0,0,0,0,0,0,0,0,0,0,0,0,0,0,0,0,0,0,0,0,0,0,0,0,0,0,0,0,0,0,0,0,0,0,0
ERR2088992,MGYS00001910,0,0,0,0,0,0,0,0,0,0,0,0,0,0,0,0,0,0,0,0,0,0,0,0,0,0,0,0,0,0,0,0,0,0,0,0,0,0,0,0,0,0,0,0,0,0,0,0,0,0,0,0,0,0,0,0,0,0,0,0,0,0,0,0,0,0,0,0,0,0
ERR2088993,MGYS00001910,0,0,0,0,0,0,0,0,0,0,0,0,0,0,0,0,0,0,0,0,0,0,0,0,0,0,0,0,0,0,0,0,0,0,0,0,0,0,0,0,0,0,0,0,0,0,0,0,0,0,0,0,0,0,0,0,0,0,0,0,0,0,0,0,0,0,0,0,0,0
ERR2088994,MGYS00001910,0,0,0,0,0,0,0,0,0,0,0,0,0,0,0,0,0,0,0,0,0,0,0,0,0,0,0,0,0,0,0,0,0,0,0,0,0,0,0,0,0,0,0,0,0,0,0,0,0,0,0,0,0,0,0,0,0,0,0,0,0,0,0,0,0,0,0,0,0,0
ERR2088995,MGYS00001910,0,0,0,0,0,0,0,0,0,0,0,0,0,0,0,0,0,0,0,0,0,0,0,0,0,0,0,0,0,0,0,0,0,0,0,0,0,0,0,0,0,0,0,0,0,0,0,0,0,0,0,0,0,0,0,0,0,0,0,0,0,0,0,0,0,0,0,0,0,0
ERZ761564,MGYS00003380,0,6,0,5,6,0,37,1,3,0,0,6,0,2,4,11,0,0,0,1,0,0,6,35,12,0,5,3,5,0,0,0,0,0,0,0,0,0,0,0,0,2,0,0,0,0,0,0,0,0,0,0,0,0,0,0,0,0,0,0,0,0,0,0,1,0,0,0,0,0
ERZ764804,MGYS00003395,0,7,0,3,2,1,24,1,0,1,0,10,0,0,0,23,1,0,2,0,0,0,0,24,11,3,1,2,1,0,0,0,0,0,0,0,0,0,0,0,0,2,0,0,0,1,0,0,0,1,0,0,0,0,0,0,0,0,0,0,0,0,0,0,0,0,0,0,0,0
ERZ772708,MGYS00003410,0,10,0,0,2,0,33,2,0,0,0,5,0,0,1,28,1,0,0,4,0,0,5,28,8,3,7,5,7,0,0,0,0,0,0,0,0,0,0,0,0,0,0,0,0,0,0,0,0,0,0,0,0,0,0,0,0,1,0,0,0,0,0,0,0,0,0,0,0,0
ERZ773283,MGYS00003413,0,5,0,8,11,1,24,5,2,0,0,21,0,0,2,13,0,0,0,0,0,0,9,21,16,6,1,4,9,0,0,0,0,0,0,0,0,0,0,0,0,1,0,0,0,0,0,0,0,0,0,0,0,0,0,0,0,0,0,0,0,0,0,0,0,0,0,0,0,0
ERZ764730,MGYS00003520,2,8,0,1,4,0,29,2,0,0,0,7,0,0,3,34,1,0,0,2,0,0,8,25,15,3,7,7,10,0,0,0,0,0,0,0,0,0,0,0,0,0,0,0,0,0,0,0,0,0,0,0,0,0,0,0,0,0,0,0,0,0,0,0,0,0,0,0,0,0
ERZ761562,MGYS00003623,0,6,0,5,8,0,30,5,0,0,0,19,0,0,2,17,1,0,0,1,0,0,2,28,14,1,2,7,6,0,0,0,0,0,0,0,0,0,0,0,0,0,0,0,0,0,0,0,0,0,0,0,0,0,0,0,0,0,0,0,0,0,0,0,0,0,0,0,0,0
ERZ773282,MGYS00003646,0,0,0,2,7,0,0,0,0,0,0,12,0,0,0,0,0,0,0,0,0,2,8,13,0,0,0,0,0,0,0,0,0,0,0,0,0,2,0,0,0,0,0,0,0,0,0,0,0,0,0,1,0,0,0,0,0,0,0,0,0,0,0,0,0,0,0,0,0,0
ERZ778038,MGYS00004767,0,9,0,7,7,1,27,0,0,1,0,8,0,2,0,34,1,0,2,1,0,0,1,27,9,4,1,3,0,0,0,0,0,0,0,0,0,0,0,0,0,6,0,0,0,0,0,0,0,0,0,0,0,0,0,0,0,0,0,0,0,0,0,0,0,0,0,0,0,0
ERZ795026,MGYS00004907,0,9,0,10,4,0,49,2,0,1,0,4,1,2,1,30,2,0,1,4,0,0,4,37,9,2,1,0,7,0,0,0,0,0,0,0,0,0,0,0,0,0,0,0,0,2,0,0,0,0,0,0,0,0,0,0,0,3,0,0,0,0,0,0,0,0,0,0,0,0
ERZ795029,MGYS00004910,0,3,0,0,7,2,19,0,0,0,0,2,0,0,0,49,0,0,0,0,0,2,4,29,0,2,5,3,2,0,0,0,0,0,0,0,0,1,0,0,0,0,0,0,0,2,0,0,0,0,0,0,0,0,0,0,0,1,0,0,0,0,0,0,0,0,0,0,0,0
ERZ795031,MGYS00004912,0,8,0,5,3,0,30,2,2,0,0,9,0,0,4,20,0,0,0,0,0,1,2,33,15,2,2,6,12,0,0,0,0,0,0,0,0,0,0,0,0,2,0,0,0,0,0,0,0,0,0,0,0,0,0,0,0,1,0,0,0,0,0,0,0,0,0,0,0,0
ERZ795044,MGYS00004917,0,6,0,5,5,0,28,2,0,0,0,8,0,2,2,10,0,0,1,1,0,1,3,39,15,1,3,4,10,0,0,0,0,0,0,0,0,0,0,0,0,2,0,0,0,0,0,0,0,0,0,0,0,0,0,0,0,1,0,0,0,0,0,0,0,0,0,0,0,0
ERZ795053,MGYS00004926,0,2,0,1,14,0,39,2,0,1,0,14,0,0,1,27,0,1,0,1,0,0,13,36,9,2,6,6,4,0,0,0,0,0,0,0,0,0,0,0,0,0,0,0,0,3,0,0,0,0,0,0,0,0,0,0,0,0,0,0,0,0,0,0,0,0,0,0,0,0
ERZ795056,MGYS00004929,0,5,0,3,1,0,54,0,4,0,0,8,0,0,2,10,0,0,0,0,0,0,3,41,13,0,2,4,6,0,0,0,0,0,0,0,0,0,0,0,0,1,0,0,0,0,0,0,0,3,0,0,0,0,0,0,0,0,0,0,0,0,0,0,0,0,0,0,0,0
ERZ795059,MGYS00004932,0,5,0,5,3,0,27,1,2,0,0,5,0,0,2,15,0,0,2,1,0,0,3,32,16,2,2,5,10,0,0,0,0,0,0,0,0,0,0,0,0,3,0,0,0,0,0,0,0,0,0,0,0,0,0,0,0,2,0,0,0,0,0,0,0,0,0,0,0,0
ERZ795062,MGYS00004935,0,3,0,0,7,0,17,0,0,3,0,2,0,0,0,38,1,0,0,0,0,0,1,34,3,1,2,1,1,0,0,0,0,0,0,0,0,0,0,0,0,0,0,0,0,0,0,0,0,0,0,0,0,0,0,0,0,0,0,0,0,0,0,0,0,0,0,0,0,0
ERZ795063,MGYS00004936,0,8,0,5,5,0,33,3,1,0,0,7,0,0,1,20,0,0,0,1,0,0,2,30,11,2,5,6,11,0,0,0,0,0,0,0,0,0,0,0,0,2,0,0,0,0,0,0,0,0,0,0,0,0,0,0,0,0,0,0,0,0,0,0,0,0,0,0,0,0
ERZ795064,MGYS00004937,0,7,0,9,3,1,28,3,0,0,0,9,1,2,1,15,0,1,0,1,0,2,1,34,17,0,2,5,9,0,0,0,0,0,0,0,0,0,0,0,0,2,0,0,0,0,0,0,0,0,0,0,0,0,0,0,0,0,0,0,0,0,0,0,0,0,0,0,0,0
ERZ795066,MGYS00004939,1,10,0,2,7,0,18,0,0,0,0,19,0,0,3,63,0,0,0,3,0,0,11,14,10,6,12,3,7,0,0,0,0,0,0,0,0,0,0,0,0,0,0,0,0,0,0,0,0,0,0,0,0,0,0,0,0,6,0,0,0,0,0,0,0,0,0,0,0,0
ERZ795067,MGYS00004940,0,1,0,0,19,1,7,0,0,0,0,2,0,0,0,13,0,0,0,0,0,0,0,31,0,0,0,0,3,0,0,0,2,0,0,0,0,2,0,0,0,2,0,0,0,0,0,0,0,2,0,0,0,0,0,0,0,0,0,0,0,0,0,0,0,0,0,0,0,0
ERZ795075,MGYS00004948,0,0,0,8,9,0,27,0,0,0,1,8,3,0,0,8,2,4,7,0,0,1,7,73,0,0,0,0,7,0,0,0,0,0,0,0,0,0,0,0,0,0,2,0,0,0,0,0,0,3,0,0,0,0,0,0,0,0,0,0,0,0,0,0,0,0,0,0,0,0
ERZ795076,MGYS00004949,0,2,0,5,19,0,10,0,0,0,0,19,1,0,0,11,1,0,3,0,0,1,8,41,2,1,0,0,4,0,0,0,0,0,0,0,0,0,0,0,0,0,2,0,0,0,0,0,0,0,0,0,0,0,0,0,0,0,0,0,0,0,0,0,0,0,0,0,0,0
ERZ795389,MGYS00004985,1,5,0,14,4,0,32,4,0,0,0,10,0,0,1,15,0,0,2,3,0,0,4,45,15,5,2,4,8,0,0,0,0,0,0,0,0,0,0,0,0,0,0,0,0,0,0,0,0,0,0,0,0,0,0,0,0,3,0,0,0,0,0,0,0,0,0,0,0,0
ERZ795397,MGYS00004989,0,1,0,8,10,0,13,0,0,0,0,12,0,0,1,7,3,5,2,0,0,1,5,52,1,0,0,0,5,0,0,0,0,0,0,0,0,0,0,0,0,0,0,0,0,0,0,0,0,2,0,0,0,0,0,0,0,0,0,0,0,0,0,0,0,0,0,0,0,0
ERZ746980,MGYS00004999,0,5,0,3,25,2,10,0,0,0,0,1,0,0,0,78,1,0,2,0,0,1,5,21,1,2,4,5,1,0,0,2,0,0,0,0,0,0,0,0,0,0,0,0,0,1,0,0,0,0,0,0,0,0,0,0,0,0,0,0,0,0,0,0,0,1,0,0,0,0
ERZ794912,MGYS00002058,0,0,0,1,8,0,3,0,0,1,0,8,0,0,0,1,0,0,3,0,0,0,1,24,0,0,0,0,0,0,0,0,0,0,0,0,0,0,0,0,0,0,0,0,0,0,0,0,0,0,0,0,0,0,0,0,0,0,0,0,0,0,0,0,0,0,0,0,0,0
ERZ842397,MGYS00002058,0,0,0,0,10,0,21,0,0,1,0,10,0,0,0,2,0,0,3,0,0,0,3,27,0,0,0,0,5,0,0,0,0,0,0,0,0,0,0,0,0,1,2,0,0,0,0,0,0,0,0,0,0,0,0,0,0,0,0,0,0,0,0,0,0,0,0,0,0,0
ERZ794913,MGYS00002058,0,0,0,1,1,1,4,0,0,0,0,5,1,0,0,1,0,1,0,1,0,0,7,18,0,0,0,0,1,0,0,0,0,0,0,0,0,0,0,0,0,2,0,0,0,0,0,0,0,2,0,0,0,0,0,0,0,0,0,0,0,0,0,0,0,0,0,0,0,0
ERZ794914,MGYS00002058,0,0,0,5,10,3,15,0,0,3,0,14,0,0,0,3,0,0,2,0,0,2,6,22,0,0,0,0,1,0,0,0,0,0,0,0,0,0,0,0,0,0,0,0,0,2,0,0,0,1,0,0,0,0,0,0,0,0,0,0,0,0,0,0,0,0,0,0,0,0
ERZ794915,MGYS00002058,0,0,0,3,5,0,5,0,0,0,0,20,0,0,0,4,0,1,3,0,0,1,1,34,1,0,0,0,0,0,0,0,0,0,0,0,0,0,0,0,0,0,0,0,0,0,0,0,0,0,0,0,0,0,0,0,0,0,0,0,0,0,0,0,0,0,0,0,0,0
ERZ794916,MGYS00002058,0,0,0,2,1,0,17,0,0,0,0,5,0,0,0,0,0,1,0,0,0,0,4,15,0,0,0,0,1,0,0,0,0,0,0,0,0,0,0,0,0,1,0,0,0,0,0,0,0,5,0,0,0,0,0,0,0,0,0,0,0,0,0,0,0,0,0,0,0,0
ERZ794917,MGYS00002058,0,0,0,3,3,0,7,0,0,0,0,5,0,0,0,2,0,1,1,0,0,0,2,33,0,0,0,0,1,0,0,0,0,0,0,0,0,0,0,0,0,0,0,0,0,0,0,0,0,0,0,0,0,0,0,0,0,0,0,0,0,0,0,0,0,0,0,0,0,0
ERZ794918,MGYS00002058,0,0,0,6,6,0,6,0,0,0,0,13,1,0,0,1,0,1,1,0,0,0,2,27,0,0,0,0,0,0,0,0,0,0,0,0,0,0,0,0,0,0,0,0,0,0,0,0,0,0,0,0,0,0,0,0,0,0,0,0,0,0,0,0,0,0,0,0,0,0
ERZ794920,MGYS00002058,0,2,0,3,10,0,23,0,0,0,0,3,0,0,0,4,1,0,0,0,0,0,0,42,0,0,0,0,4,0,0,0,0,0,0,0,0,0,0,0,0,0,0,0,0,0,0,0,0,0,0,0,0,0,0,0,0,0,0,0,0,0,0,0,0,0,0,0,0,0
ERZ794929,MGYS00002058,0,1,0,0,8,0,23,0,0,0,0,1,0,0,0,6,1,0,0,0,0,0,0,24,0,0,0,0,3,0,0,0,0,0,0,0,0,0,0,0,0,0,0,0,0,0,0,0,0,0,0,0,0,0,0,0,0,0,0,0,0,0,0,0,0,0,0,0,0,0
ERZ794930,MGYS00002058,0,0,0,1,3,3,14,0,0,0,0,10,1,0,0,0,0,1,0,2,0,1,15,26,0,0,0,0,2,0,0,0,0,0,0,0,0,0,0,0,0,2,0,0,0,0,0,0,0,2,0,0,0,0,0,0,0,0,0,0,0,0,0,0,0,0,0,0,0,0
ERZ794931,MGYS00002058,0,0,0,4,1,0,8,0,0,0,0,9,0,0,0,0,0,0,3,0,0,0,12,21,1,0,0,0,2,0,0,0,0,0,0,0,0,0,0,0,0,0,0,0,0,0,0,0,0,2,0,0,0,0,0,0,0,0,0,0,0,0,0,0,0,0,0,0,0,0
SRR2107177,MGYS00001277,0,0,0,506,473,5,53,2,0,8,54,164,0,0,0,46,0,5,0,0,0,11,47,2630,0,0,1,0,4,0,0,0,0,0,0,0,0,0,0,0,0,0,0,0,0,0,0,0,0,0,0,0,0,0,0,0,1,0,0,0,0,0,0,0,0,0,20,0,0,0
SRR2107212,MGYS00001277,0,4,0,38,320,5,357,0,0,7,49,377,7,0,1,109,0,5,0,0,0,9,77,1610,8,1,2,0,59,0,0,0,0,0,0,0,0,0,0,0,0,0,0,0,0,0,0,0,0,0,0,0,0,0,0,0,0,0,0,0,0,0,0,0,0,0,0,0,0,0
SRR2107178,MGYS00001277,0,2,0,90,61,7,311,0,0,0,2,93,11,0,0,5,0,18,0,0,0,11,238,813,0,0,0,0,442,0,0,0,0,0,0,0,0,0,0,0,0,0,0,0,0,0,0,0,0,0,0,0,0,0,0,0,0,0,0,0,0,0,0,0,0,0,2,0,0,0
SRR2107210,MGYS00001277,0,4,0,120,935,32,376,0,0,13,70,390,2,1,0,130,0,8,0,0,0,87,169,1391,1,1,0,0,52,0,0,0,0,0,0,0,0,0,0,0,0,0,0,0,0,0,0,0,0,0,0,0,0,0,0,0,0,0,0,0,0,0,0,0,0,0,0,0,0,0
SRR2107184,MGYS00001277,0,0,0,92,2396,5,879,0,0,1,7,40,0,0,0,8,0,61,0,0,0,0,115,2522,1,1,0,0,45,0,0,0,0,0,0,0,0,0,0,0,0,0,0,0,0,0,0,0,0,0,0,0,0,0,0,0,0,0,0,0,0,0,0,0,0,0,1,0,0,0
SRR2107216,MGYS00001277,0,36,0,31,747,4,1575,1,0,0,5,56,1,0,0,677,13,2,0,0,0,0,17,4919,7,31,7,0,87,0,0,0,0,0,0,0,0,0,0,0,0,0,0,0,0,0,0,0,0,0,0,0,0,0,0,0,0,0,0,0,0,0,0,0,0,0,0,0,0,0
SRR2107219,MGYS00001277,0,4,0,12,437,3,1799,0,0,1,0,30,1,0,1,502,24,1,0,0,0,0,5,4181,1,7,5,0,92,0,0,0,0,0,0,0,0,0,0,0,0,0,0,0,0,0,0,0,0,0,0,0,0,0,0,0,0,0,0,0,0,0,0,0,0,0,0,0,0,0
SRR2107181,MGYS00001277,0,0,0,336,131,31,266,0,0,2,0,258,23,0,0,6,0,22,0,0,0,11,273,732,0,2,0,1,598,0,0,0,0,0,0,0,0,0,0,0,0,0,0,0,0,0,0,0,0,0,0,0,0,0,0,0,0,0,0,0,0,0,0,0,0,0,1,0,0,0
SRR2107183,MGYS00001277,0,0,0,73,955,2,584,0,0,2,209,137,4,0,0,3,0,0,0,0,0,2,118,1801,0,0,1,0,14,0,0,0,0,0,0,0,0,0,0,0,0,0,0,0,0,0,0,0,0,0,0,0,0,0,0,0,0,0,0,0,0,0,0,0,0,0,0,0,0,0
ERR770579,MGYS00001382,0,3,0,17,127,0,87,0,0,0,8,79,3,1,0,64,1,1,0,0,0,17,9,461,1,1,0,0,8,0,0,0,0,0,0,0,0,0,0,0,0,0,0,0,0,0,0,0,0,0,0,0,0,0,0,0,0,0,0,0,0,0,0,0,0,0,0,0,0,0
ERR770580,MGYS00001382,0,2,0,18,131,0,93,0,0,0,11,84,0,2,0,69,1,2,0,0,0,7,9,435,2,1,0,0,10,0,0,0,0,0,0,0,0,0,0,0,0,0,0,0,0,0,0,0,0,0,0,0,0,0,0,0,0,0,0,0,0,0,0,0,0,0,0,0,0,0
ERR770581,MGYS00001382,0,2,0,63,381,0,262,0,0,0,37,258,1,1,1,249,4,16,0,0,0,38,26,1462,7,2,1,0,26,0,0,0,0,0,0,0,0,0,0,0,0,0,0,0,0,0,0,0,0,0,0,0,0,0,0,0,0,0,0,0,0,0,0,0,0,0,0,2,0,0
ERR770582,MGYS00001382,2,597,0,5020,40083,989,21047,6,0,59,2989,38090,1358,150,150,21723,234,809,0,0,0,13805,6686,163051,2895,60,16,5,4736,0,0,0,0,0,0,0,0,0,0,0,0,0,0,0,0,0,0,0,0,0,0,0,0,0,0,0,0,9,0,0,0,0,0,0,0,1,18,9,43,0
ERR770583,MGYS00001382,1,539,0,4813,34357,983,19935,4,0,44,2886,36044,1264,162,177,20038,176,829,0,0,0,12412,5976,154582,2940,56,16,4,4276,0,0,0,0,0,0,0,0,0,0,0,0,0,0,0,0,0,0,0,0,0,0,0,0,0,0,0,1,9,0,0,0,0,0,0,0,1,11,24,32,0
ERR770584,MGYS00001382,0,531,0,4359,32222,895,18597,3,0,47,2651,32846,1223,141,154,17981,173,687,0,0,0,11547,5484,140790,2666,58,10,5,4020,0,0,0,0,0,0,0,0,0,0,0,0,0,0,0,0,0,0,0,0,0,0,0,0,0,0,0,1,7,0,0,0,0,0,0,0,0,10,10,61,0
ERR1076073,MGYS00001391,0,1,0,101,1060,14,86,0,0,0,23,480,1,3,0,65,1,16,0,0,0,13,50,1538,3,0,0,0,12,0,0,0,0,0,0,0,0,0,0,0,0,0,0,0,0,0,0,0,0,0,0,0,0,0,0,0,0,1,0,0,0,0,0,0,0,0,0,0,0,0
ERR1356696,MGYS00000823,0,0,0,159,519,9,1208,0,0,5,84,527,64,1,0,195,3,74,0,0,0,111,167,3632,72,0,2,0,224,0,0,0,0,0,0,0,0,0,0,0,0,0,0,0,0,0,0,0,0,0,0,0,0,0,0,0,0,1,0,0,0,0,0,0,0,0,0,1,1,0
ERR1356700,MGYS00000823,0,4,0,99,332,5,1297,0,0,8,37,202,19,2,1,417,24,51,0,0,0,64,77,3427,535,2,9,2,171,0,0,0,0,0,0,0,0,0,0,0,0,0,0,0,0,0,0,0,0,0,0,0,0,0,0,0,0,1,0,0,0,0,0,0,0,0,0,1,0,0
ERR1356705,MGYS00000823,0,72,0,237,1061,56,1890,1,0,6,50,517,64,1,5,1800,24,60,0,0,0,606,185,168004,431,4,0,3,205,0,0,0,0,0,0,0,0,0,0,0,0,0,0,0,0,0,0,0,0,0,0,0,0,0,0,0,0,0,0,0,0,0,0,0,0,0,7,8,4,0
ERR1356734,MGYS00000823,0,15,0,55,882,9,1541,0,0,2,40,62,4,1,0,537,28,23,0,0,0,64,83,6096,193,1,6,0,127,0,0,0,0,0,0,0,0,0,0,0,0,0,0,0,0,0,0,0,0,0,0,0,0,0,0,0,0,1,0,0,0,0,0,0,0,0,1,0,1,0
ERR1356738,MGYS00000823,0,0,0,125,347,12,1232,0,0,0,11,207,2,0,2,359,7,41,0,0,0,105,264,3066,70,0,8,0,78,0,0,0,0,0,0,0,0,0,0,0,0,0,0,0,0,0,0,0,0,0,0,0,0,0,0,0,0,0,0,0,0,0,0,0,0,0,0,0,0,0
ERR1356743,MGYS00000823,0,37,0,245,1125,12,1233,0,0,9,178,322,79,1,37,81737,34,54,0,0,0,794,255,373011,17,3,10,0,231,0,0,0,0,0,0,0,0,0,0,0,0,0,0,0,0,0,0,0,0,0,0,0,0,0,0,0,0,0,0,0,0,0,0,0,0,0,7,3,2,0
ERR1356695,MGYS00000823,3,320,0,478,3061,36,3124,2,0,16,46,597,122,5,9,11987,40,124,0,0,0,904,324,754097,424,7,21,4,246,0,0,0,0,0,0,0,0,0,0,0,0,0,0,0,0,0,0,0,0,0,0,0,0,0,0,0,0,0,0,0,0,0,0,0,0,0,52,30,5,0
ERR1356698,MGYS00000823,0,1,0,89,688,1,895,0,0,0,135,779,34,1,2,375,23,15,0,0,0,8,52,3090,302,3,4,0,152,0,0,0,0,0,0,0,0,0,0,0,0,0,0,0,0,0,0,0,0,0,0,0,0,0,0,0,0,0,0,0,0,0,0,0,0,0,0,0,1,0
ERR1356736,MGYS00000823,0,1,0,191,408,28,1234,0,0,5,24,278,28,5,33,233,7,39,0,0,0,317,560,2374,35,0,2,0,178,0,0,0,0,0,0,0,0,0,0,0,0,0,0,0,0,0,0,0,0,0,0,0,0,0,0,0,0,0,0,0,0,0,0,0,0,0,1,0,0,0
ERR1356744,MGYS00000823,0,3,0,9,341,4,1866,0,0,0,9,18,7,0,32,942,195,0,0,0,0,13,21,3852,5,3,13,0,34,0,0,0,0,0,0,0,0,0,0,0,0,0,0,0,0,0,0,0,0,0,0,0,0,0,0,0,0,2,0,0,0,0,0,0,0,0,0,0,0,0
ERR1356748,MGYS00000823,0,7,0,157,395,7,1031,0,0,11,33,205,27,1,0,457,32,33,0,0,0,33,269,3524,213,0,5,0,112,0,0,0,0,0,0,0,0,0,0,0,0,0,0,0,0,0,0,0,0,0,0,0,0,0,0,0,0,0,0,0,0,0,0,0,0,0,0,0,1,0
ERR1356750,MGYS00000823,2,9,0,124,549,9,1583,0,0,0,18,269,35,3,1,537,12,66,0,0,0,57,161,4143,108,2,4,1,131,0,0,0,0,0,0,0,0,0,0,0,0,0,0,0,0,0,0,0,0,0,0,0,0,0,0,0,0,0,0,0,0,0,0,0,0,0,0,0,1,0
ERR1356693,MGYS00000823,33,2254,0,1558,8851,172,11720,192,0,22,276,6259,432,5,340,279879,298,313,0,0,0,4514,1177,2046108,2362,389,63,643,1592,0,0,0,0,0,0,0,0,0,0,0,0,0,0,0,0,0,0,0,0,0,0,0,0,0,0,0,1,5,0,0,0,0,0,0,0,0,129,18,21,0
ERR1356711,MGYS00000823,0,98,0,13,552,314,1285,0,0,0,711,557,18,0,5,1405,4,5,0,0,0,5,162,270243,36,5,26,0,20,0,0,0,0,0,0,0,0,0,0,0,0,0,0,0,0,0,0,0,0,0,0,0,0,0,0,0,2,0,0,0,0,0,0,0,0,0,88,0,1,0
ERR1356713,MGYS00000823,0,3,0,226,3278,71,796,0,0,2,34,117,74,1,11,14511,15,4,0,0,0,23,138,385169,13,0,10,0,172,0,0,0,0,0,0,0,0,0,0,0,0,0,0,0,0,0,0,0,0,0,0,0,0,0,0,0,0,0,0,0,0,0,0,0,0,0,261,0,0,0
ERR1356717,MGYS00000823,2,63,0,92,866,26,626,0,0,2,11,258,27,0,3,1730,13,14,0,0,0,121,100,372276,158,0,5,0,66,0,0,0,0,0,0,0,0,0,0,0,0,0,0,0,0,0,0,0,0,0,0,0,0,0,0,0,0,0,0,0,0,0,0,0,0,0,356,8,0,0
ERR1356752,MGYS00000823,1,20,0,113,299,8,1363,0,0,10,27,201,41,2,1,335,0,39,0,0,0,45,151,3849,98,4,3,4,130,0,0,0,0,0,0,0,0,0,0,0,0,0,0,0,0,0,0,0,0,0,0,0,0,0,0,0,0,0,0,0,0,0,0,0,0,0,0,2,0,0
ERR1356715,MGYS00000823,0,259,0,49,805,12,626,0,0,9,96,104,16,0,2,3575,2,54,0,0,0,5,259,194531,6,1,14,0,34,0,0,0,0,0,0,0,0,0,0,0,0,0,0,0,0,0,0,0,0,0,0,0,0,0,0,0,0,0,0,0,0,0,0,0,0,0,74,0,0,0
ERR1356718,MGYS00000823,0,8,0,315,830,48,2770,1,0,7,69,176,31,2,0,686,26,135,0,0,0,107,781,7821,155,0,11,0,227,0,0,0,0,0,0,0,0,0,0,0,0,0,0,0,0,0,0,0,0,0,0,0,0,0,0,0,0,1,0,0,0,0,0,0,0,0,1,6,2,0
ERR1356720,MGYS00000823,0,16,0,138,309,5,1096,3,0,17,15,136,22,10,3,285,13,79,0,0,0,147,201,3768,19,4,2,1,94,0,0,0,0,0,0,0,0,0,0,0,0,0,0,0,0,0,0,0,0,0,0,0,0,0,0,0,0,0,0,0,0,0,0,0,0,0,0,2,0,0
ERR1356722,MGYS00000823,0,2,0,217,1309,10,2047,0,0,11,235,869,55,11,2,357,27,19,0,0,0,26,243,5604,51,0,2,0,199,0,0,0,0,0,0,0,0,0,0,0,0,0,0,0,0,0,0,0,0,0,0,0,0,0,0,0,0,0,0,0,0,0,0,0,0,0,2,4,0,0
ERR1356724,MGYS00000823,0,1,0,264,433,10,1031,0,0,1,116,408,38,23,2,184,6,60,0,0,0,86,141,3300,26,0,6,0,177,0,0,0,0,0,0,0,0,0,0,0,0,0,0,0,0,0,0,0,0,0,0,0,0,0,0,0,0,0,0,0,0,0,0,0,0,0,0,3,0,0
ERR1356728,MGYS00000823,0,20,0,335,995,14,2874,2,0,49,112,194,94,2,6,1098,5,183,0,0,0,82,672,9123,446,3,17,2,464,0,0,0,0,0,0,0,0,0,0,0,0,0,0,0,0,0,0,0,0,0,0,0,0,0,0,0,1,0,0,0,0,0,0,0,0,0,0,3,1,0
ERR1356727,MGYS00000823,0,47,0,144,849,3,1885,0,0,1,14,63,27,0,18,40696,17,32,0,0,0,11,67,245440,42,2,11,0,139,0,0,0,0,0,0,0,0,0,0,0,0,0,0,0,0,0,0,0,0,0,0,0,0,0,0,0,0,0,0,0,0,0,0,0,0,0,74,0,2,0
ERR1356730,MGYS00000823,0,0,0,162,835,6,1173,0,0,8,44,55,58,1,1,529,9,39,0,0,0,28,149,4917,78,3,9,0,147,0,0,0,0,0,0,0,0,0,0,0,0,0,0,0,0,0,0,0,0,0,0,0,0,0,0,0,0,0,0,0,0,0,0,0,0,0,2,0,0,0
ERR1356733,MGYS00000823,1,105,0,2079,3297,40,1128,0,0,6,47,319,61,19,27,47395,12,194,0,0,0,826,698,947911,99,3,18,0,264,0,0,0,0,0,0,0,0,0,0,0,0,0,0,0,0,0,0,0,0,0,0,0,0,0,0,0,0,0,0,0,0,0,0,0,0,0,14,4,0,0
ERR1356761,MGYS00000823,0,7,0,51,973,13,1900,0,0,0,6,44,20,0,43,37212,22,6,0,0,0,2,38,194954,11,0,3,0,47,0,0,0,0,0,0,0,0,0,0,0,0,0,0,0,0,0,0,0,0,0,0,0,0,0,0,0,0,0,0,0,0,0,0,0,0,0,36,0,0,0
ERR1356762,MGYS00000823,0,8,0,64,405,6,1514,0,0,2,39,292,14,1,14,633,50,39,0,0,0,8,82,3627,74,2,5,1,132,0,0,0,0,0,0,0,0,0,0,0,0,0,0,0,0,0,0,0,0,0,0,0,0,0,0,0,0,1,0,0,0,0,0,0,0,0,0,1,0,0
ERR1356703,MGYS00000823,1,47,0,144,1109,5,809,0,0,5,10,134,1607,0,5,1909,17,10,0,0,0,9,57,246840,120,0,9,0,68,0,0,0,0,0,0,0,0,0,0,0,0,0,0,0,0,0,0,0,0,0,0,0,0,0,0,0,0,0,0,0,0,0,0,0,0,0,53,3,0,0
ERR1356706,MGYS00000823,0,3,0,195,349,12,870,0,0,6,29,372,30,3,0,300,16,60,0,0,0,86,167,2943,202,0,7,0,111,0,0,0,0,0,0,0,0,0,0,0,0,0,0,0,0,0,0,0,0,0,0,0,0,0,0,0,0,0,0,0,0,0,0,0,0,0,1,1,0,0
ERR1356741,MGYS00000823,0,666,0,216,885,28,1256,8,0,2,44,314,82,1,22,26559,34,49,0,0,0,461,132,170114,442,0,5,16,99,0,0,0,0,0,0,0,0,0,0,0,0,0,0,0,0,0,0,0,0,0,0,0,0,0,0,0,0,2,0,0,0,0,0,0,0,0,6,1,1,0
ERR1356755,MGYS00000823,0,33,0,532,1285,59,3415,0,0,8,59,1010,129,9,4,7235,41,73,0,0,0,1717,460,235826,245,2,8,0,277,0,0,0,0,0,0,0,0,0,0,0,0,0,0,0,0,0,0,0,0,0,0,0,0,0,0,0,0,0,0,0,0,0,0,0,0,0,478,1,9,0
ERR1356757,MGYS00000823,29,1865,0,321,1407,89,2187,194,0,4,35,2522,62,0,103,66134,24,35,0,0,0,139,269,386829,1234,380,6,644,590,0,0,0,0,0,0,0,0,0,0,0,0,0,0,0,0,0,0,0,0,0,0,0,0,0,0,0,0,4,0,0,0,0,0,0,0,0,28,2,11,0
ERR1356758,MGYS00000823,0,10,0,62,443,4,1266,0,0,3,22,255,28,0,0,459,26,39,0,0,0,17,87,4424,80,6,10,1,139,0,0,0,0,0,0,0,0,0,0,0,0,0,0,0,0,0,0,0,0,0,0,0,0,0,0,0,1,0,0,0,0,0,0,0,0,0,1,0,0,0
ERR1356709,MGYS00000823,0,141,0,53,1341,9,414,0,0,0,24,67,22,0,2,1439,12,10,0,0,0,126,48,239738,34,3,6,1,28,0,0,0,0,0,0,0,0,0,0,0,0,0,0,0,0,0,0,0,0,0,0,0,0,0,0,0,0,0,0,0,0,0,0,0,0,0,7,4,1,0
ERR1356747,MGYS00000823,0,33,0,374,900,22,2560,1,0,4,23,496,71,5,8,26629,24,57,0,0,0,903,460,278516,161,0,4,0,238,0,0,0,0,0,0,0,0,0,0,0,0,0,0,0,0,0,0,0,0,0,0,0,0,0,0,0,0,0,0,0,0,0,0,0,0,0,10,0,8,0
ERR1414267,MGYS00001110,0,43,0,358,2498,33,5988,4,0,3,152,413,41,39,8,10001,508,96,0,0,0,229,305,16916,79,54,111,0,166,0,0,0,0,0,0,0,0,0,0,0,0,0,0,0,0,0,0,0,0,0,0,0,0,0,0,0,0,9,0,0,0,0,0,0,0,0,6,1,0,0
ERR1414271,MGYS00001110,0,44,0,61,1456,25,14306,5,0,0,26,93,35,8,29,18104,1510,28,0,0,0,11,105,53360,95,40,83,1,66,0,0,0,0,0,0,0,0,0,0,0,0,0,0,0,0,0,0,0,0,0,0,0,0,0,0,0,0,7,0,0,0,0,0,0,0,0,9,0,0,0
ERR1414265,MGYS00001110,0,24,0,160,902,22,1223,0,0,30,50,234,107,14,16,600,30,39,0,0,0,28,108,10001,30,28,9,0,131,0,0,0,0,0,0,0,0,0,0,0,0,0,0,0,0,0,0,0,0,0,0,0,0,0,0,0,0,17,0,0,0,0,0,0,0,0,71,0,0,0
ERR1414209,MGYS00001110,0,70,0,422,2675,47,7263,6,0,3,157,489,37,44,2,11437,597,98,0,0,0,313,319,21171,100,42,131,0,207,0,0,0,0,0,0,0,0,0,0,0,0,0,0,0,0,0,0,0,0,0,0,0,0,0,0,0,0,9,0,0,0,0,0,0,0,0,3,1,2,0
ERR1414210,MGYS00001110,0,41,0,384,1883,47,7635,0,0,2,152,416,66,30,11,10705,611,77,0,0,0,254,268,22019,110,40,126,3,179,0,0,0,0,0,0,0,0,0,0,0,0,0,0,0,0,0,0,0,0,0,0,0,0,0,0,0,1,9,0,0,0,0,0,0,0,0,8,1,1,0
ERR1414211,MGYS00001110,0,49,0,415,1768,55,8946,5,0,1,111,455,92,37,14,12717,608,80,0,0,0,230,277,25465,128,57,109,4,228,0,0,0,0,0,0,0,0,0,0,0,0,0,0,0,0,0,0,0,0,0,0,0,0,0,0,0,0,7,0,0,0,0,0,0,0,1,8,1,2,0
ERR1414212,MGYS00001110,0,16,0,711,2976,83,5596,4,0,5,267,970,67,47,9,786,15,228,0,0,0,347,435,12680,65,2,7,0,310,0,0,0,0,0,0,0,0,0,0,0,0,0,0,0,0,0,0,0,0,0,0,0,0,0,0,0,0,1,0,0,0,0,0,0,0,0,2,2,1,0
ERR1414213,MGYS00001110,0,21,0,884,3429,114,6256,0,0,2,254,1204,69,61,14,845,16,225,0,0,0,291,500,13711,102,8,30,0,337,0,0,0,0,0,0,0,0,0,0,0,0,0,0,0,0,0,0,0,0,0,0,0,0,0,0,0,0,0,0,0,0,0,0,0,0,0,6,3,6,0
ERR1414214,MGYS00001110,0,14,0,752,3262,93,5625,2,0,3,265,948,60,37,7,726,11,243,0,0,0,249,474,12506,83,3,21,1,344,0,0,0,0,0,0,0,0,0,0,0,0,0,0,0,0,0,0,0,0,0,0,0,0,0,0,0,0,1,0,0,0,0,0,0,0,0,3,3,6,1
ERR1414215,MGYS00001110,0,16,0,982,2905,90,7917,1,0,5,312,1273,74,78,23,1085,23,255,0,0,0,346,543,17000,126,5,21,0,377,0,0,0,0,0,0,0,0,0,0,0,0,0,0,0,0,0,0,0,0,0,0,0,0,0,0,0,0,0,0,0,0,0,0,0,0,0,2,6,1,0
ERR1414216,MGYS00001110,2,1303,0,260,1030,155,4794,116,0,6,145,4278,8,6,19,6086,10,32,0,0,0,25,185,4259,1141,461,124,177,538,0,0,0,0,0,0,0,0,0,0,0,0,0,0,0,0,0,0,0,0,0,0,0,0,0,0,0,4,14,0,0,0,0,0,0,0,0,2,14,276,0
ERR1414217,MGYS00001110,3,1431,0,249,1049,139,4219,89,0,4,145,3542,10,7,24,5865,11,39,0,0,0,25,210,4353,1152,397,178,155,455,0,0,0,0,0,0,0,0,0,0,0,0,0,0,0,0,0,0,0,0,0,0,0,0,0,0,0,1,21,0,0,0,0,0,0,0,0,3,29,272,0
ERR1414218,MGYS00001110,5,1195,0,261,970,147,4648,88,0,5,145,4048,8,7,20,5527,16,37,0,0,0,31,183,3979,1081,416,140,164,509,0,0,0,0,0,0,0,0,0,0,0,0,0,0,0,0,0,0,0,0,0,0,0,0,0,0,0,0,14,0,0,0,0,0,0,0,0,3,16,254,0
ERR1414219,MGYS00001110,7,926,0,152,739,81,3658,81,0,5,89,2542,8,7,48,4916,16,35,0,0,0,31,173,4211,1310,280,467,158,468,0,0,0,0,0,0,0,0,0,0,0,0,0,0,0,0,0,0,0,0,0,0,0,0,0,0,0,0,36,0,0,0,0,0,0,0,0,5,23,175,1
ERR1414220,MGYS00001110,5,1418,0,283,1198,181,5277,149,0,5,183,4989,13,15,29,6065,22,36,0,0,0,36,206,5060,1117,478,135,165,600,0,0,0,0,0,0,0,0,0,0,0,0,0,0,0,0,0,0,0,0,0,0,0,0,0,0,0,0,11,0,0,0,0,0,0,0,0,2,18,338,1
ERR1414221,MGYS00001110,5,860,0,258,1261,115,11950,30,0,1,119,2505,15,3,10,3604,4,77,0,0,0,120,431,5595,1071,1537,153,82,596,0,0,0,0,0,0,0,0,0,0,0,0,0,0,0,0,0,0,0,0,0,0,0,0,0,0,0,0,48,0,0,0,0,0,0,0,0,1,12,151,0
ERR1414222,MGYS00001110,9,974,0,263,1580,146,11958,59,0,3,134,3664,22,4,9,4678,0,109,0,0,0,161,441,6690,1356,2186,141,90,744,0,0,0,0,0,0,0,0,0,0,0,0,0,0,0,0,0,0,0,0,0,0,0,0,0,0,0,1,61,0,0,0,0,0,0,0,0,6,15,169,0
ERR1414223,MGYS00001110,42,799,0,149,428,52,13044,62,0,3,128,3920,18,6,7,3742,2,50,0,0,0,129,305,4198,1937,1370,605,126,500,0,0,0,0,0,0,0,0,0,0,0,0,0,0,0,0,0,0,0,0,0,0,0,0,0,0,0,0,66,0,0,0,0,0,0,0,0,8,20,68,0
ERR1414224,MGYS00001110,37,644,0,127,445,52,10663,45,0,3,139,3078,12,1,33,3235,5,35,0,0,0,124,213,3642,1658,1258,482,118,480,0,0,0,0,0,0,0,0,0,0,0,0,0,0,0,0,0,0,0,0,0,0,0,0,0,0,0,0,46,0,0,0,0,0,0,0,0,3,29,55,0
ERR1414225,MGYS00001110,25,551,0,133,548,44,10777,28,0,1,97,2440,8,2,16,5662,226,42,0,0,0,111,210,9918,936,906,278,75,465,0,0,0,0,0,0,0,0,0,0,0,0,0,0,0,0,0,0,0,0,0,0,0,0,0,0,0,0,50,0,0,0,0,0,0,0,0,3,16,48,0
ERR1414226,MGYS00001110,0,20,0,1252,1395,71,7287,2,0,16,159,789,60,31,8,2006,38,175,0,0,0,629,423,22848,216,0,22,0,574,0,0,0,0,0,0,0,0,0,0,0,0,0,0,0,0,0,0,0,0,0,0,0,0,0,0,0,0,0,0,0,0,0,0,0,0,0,8,1,6,0
ERR1414227,MGYS00001110,0,7,0,1147,2173,47,6765,0,0,11,203,834,57,33,2,1750,38,150,0,0,0,646,502,17248,150,3,22,0,522,0,0,0,0,0,0,0,0,0,0,0,0,0,0,0,0,0,0,0,0,0,0,0,0,0,0,0,0,1,0,0,0,0,0,0,0,0,10,1,3,0
ERR1414228,MGYS00001110,0,14,0,1291,2791,63,7111,0,0,13,214,876,62,29,6,1740,38,220,0,0,0,870,547,18239,187,6,24,0,539,0,0,0,0,0,0,0,0,0,0,0,0,0,0,0,0,0,0,0,0,0,0,0,0,0,0,0,0,2,0,0,0,0,0,0,0,0,11,1,6,0
ERR1414229,MGYS00001110,0,29,0,1464,2041,64,8240,0,0,17,258,1024,62,30,3,2230,55,186,0,0,0,676,526,22114,236,7,34,0,626,0,0,0,0,0,0,0,0,0,0,0,0,0,0,0,0,0,0,0,0,0,0,0,0,0,0,0,0,0,0,0,0,0,0,0,0,0,16,0,5,0
ERR1414230,MGYS00001110,0,15,0,1266,1795,65,4193,1,0,11,144,633,23,17,0,1053,10,101,0,0,0,166,315,9869,89,2,12,0,227,0,0,0,0,0,0,0,0,0,0,0,0,0,0,0,0,0,0,0,0,0,0,0,0,0,0,0,0,5,0,0,0,0,0,0,0,0,1,1,2,0
ERR1414231,MGYS00001110,0,53,0,2525,3426,101,7315,2,0,24,316,1166,48,57,4,2178,29,154,0,0,0,376,709,18496,210,5,37,0,475,0,0,0,0,0,0,0,0,0,0,0,0,0,0,0,0,0,0,0,0,0,0,0,0,0,0,0,1,2,0,0,0,0,0,0,0,0,2,1,4,0
ERR1414232,MGYS00001110,0,22,0,2179,2324,102,6733,0,0,13,270,1246,62,47,6,2012,30,113,0,0,0,386,542,21252,267,4,38,0,435,0,0,0,0,0,0,0,0,0,0,0,0,0,0,0,0,0,0,0,0,0,0,0,0,0,0,0,0,3,0,0,0,0,0,0,0,0,2,0,4,0
ERR1414233,MGYS00001110,8,1969,0,194,450,197,4035,76,0,3,323,3870,15,3,15,2552,1,26,0,0,0,27,238,2920,685,342,43,106,194,0,0,0,0,0,0,0,0,0,0,0,0,0,0,0,0,0,0,0,0,0,0,0,0,0,0,0,0,7,0,0,0,0,0,0,0,0,3,9,113,0
ERR1414234,MGYS00001110,11,2122,0,190,530,213,4052,93,0,7,246,3893,7,2,12,2627,3,19,0,0,0,50,269,3002,665,296,19,101,218,0,0,0,0,0,0,0,0,0,0,0,0,0,0,0,0,0,0,0,0,0,0,0,0,0,0,0,0,4,0,0,0,0,0,0,0,1,3,11,116,0
ERR1414235,MGYS00001110,27,2842,0,316,732,244,5613,114,0,1,500,6236,24,7,25,3918,1,23,0,0,0,67,319,4300,1154,412,94,151,349,0,0,0,0,0,0,0,0,0,0,0,0,0,0,0,0,0,0,0,0,0,0,0,0,0,0,0,1,21,0,0,0,0,0,0,0,0,2,17,148,0
ERR1414236,MGYS00001110,20,2576,0,260,684,271,4876,116,0,10,359,5093,28,3,15,3427,1,22,0,0,0,43,335,3542,1012,413,82,146,274,0,0,0,0,0,0,0,0,0,0,0,0,0,0,0,0,0,0,0,0,0,0,0,0,0,0,0,0,17,0,0,0,0,0,0,0,0,2,10,142,1
ERR1414237,MGYS00001110,0,14,0,9,2098,4,2871,0,0,0,9,19,10,0,2,17804,207,11,0,0,0,0,58,17680,42,90,97,0,36,0,0,0,0,0,0,0,0,0,0,0,0,0,0,0,0,0,0,0,0,0,0,0,0,0,0,0,0,4,0,0,0,0,0,0,0,0,7,0,0,0
ERR1414238,MGYS00001110,0,5,0,31,2728,12,4692,0,0,0,3,50,13,0,4,21973,265,19,0,0,0,0,59,25743,68,88,167,0,60,0,0,0,0,0,0,0,0,0,0,0,0,0,0,0,0,0,0,0,0,0,0,0,0,0,0,0,0,4,0,0,0,0,0,0,0,0,30,0,0,0
ERR1414239,MGYS00001110,0,2,0,67,1463,22,5618,0,0,0,14,62,15,0,40,10793,495,9,0,0,0,0,61,22139,115,60,95,1,201,0,0,0,0,0,0,0,0,0,0,0,0,0,0,0,0,0,0,0,0,0,0,0,0,0,0,0,0,8,0,0,0,0,0,0,0,0,7,0,0,0
ERR1414240,MGYS00001110,0,14,0,57,1316,12,5592,0,0,0,27,61,29,4,52,11443,504,12,0,0,0,0,75,20680,134,53,60,0,148,0,0,0,0,0,0,0,0,0,0,0,0,0,0,0,0,0,0,0,0,0,0,0,0,0,0,0,0,12,0,0,0,0,0,0,0,0,3,0,3,0
ERR1414241,MGYS00001110,0,11,0,53,2499,17,5227,0,0,0,17,63,19,4,31,16605,642,14,0,0,0,1,64,18587,94,82,96,0,113,0,0,0,0,0,0,0,0,0,0,0,0,0,0,0,0,0,0,0,0,0,0,0,0,0,0,0,0,10,0,0,0,0,0,0,0,0,5,0,0,0
ERR1414242,MGYS00001110,0,23,0,54,3558,11,5856,0,0,1,34,118,30,0,39,21764,886,17,0,0,0,0,53,22519,120,103,205,1,159,0,0,0,0,0,0,0,0,0,0,0,0,0,0,0,0,0,0,0,0,0,0,0,0,0,0,0,0,5,0,0,0,0,0,0,0,0,20,0,0,0
ERR1414243,MGYS00001110,0,53,0,35,1628,12,5671,1,0,0,14,21,16,1,20,13877,580,9,0,0,0,0,59,24728,122,130,106,0,69,0,0,0,0,0,0,0,0,0,0,0,0,0,0,0,0,0,0,0,0,0,0,0,0,0,0,0,1,21,0,0,0,0,0,0,0,0,16,0,0,0
ERR1414244,MGYS00001110,0,50,0,87,2274,13,6828,0,0,1,12,66,24,6,37,15713,595,13,0,0,0,0,72,28189,135,111,105,0,67,0,0,0,0,0,0,0,0,0,0,0,0,0,0,0,0,0,0,0,0,0,0,0,0,0,0,0,0,18,0,0,0,0,0,0,0,0,14,0,0,0
ERR1414245,MGYS00001110,0,51,0,40,1631,10,6137,0,0,0,57,40,29,2,25,13037,543,13,0,0,0,1,33,27454,119,59,53,7,71,0,0,0,0,0,0,0,0,0,0,0,0,0,0,0,0,0,0,0,0,0,0,0,0,0,0,0,0,6,0,0,0,0,0,0,0,0,21,0,0,0
ERR1414246,MGYS00001110,0,53,0,43,1807,24,6662,4,0,0,71,26,18,1,37,14320,680,13,0,0,0,3,19,32515,90,68,73,0,73,0,0,0,0,0,0,0,0,0,0,0,0,0,0,0,0,0,0,0,0,0,0,0,0,0,0,0,0,9,0,0,0,0,0,0,0,0,27,0,2,0
ERR1414247,MGYS00001110,0,15,0,6,2653,13,2776,0,0,0,1,27,25,0,0,23694,212,25,0,0,0,0,72,23813,50,108,168,4,39,0,0,0,0,0,0,0,0,0,0,0,0,0,0,0,0,0,0,0,0,0,0,0,0,0,0,0,0,6,0,0,0,0,0,0,0,0,16,0,0,0
ERR1414248,MGYS00001110,0,29,0,23,3594,13,1980,0,0,0,8,30,12,0,6,25414,289,24,0,0,0,0,54,19101,56,76,165,0,35,0,0,0,0,0,0,0,0,0,0,0,0,0,0,0,0,0,0,0,0,0,0,0,0,0,0,0,0,0,0,0,0,0,0,0,0,0,13,0,1,0
ERR1414249,MGYS00001110,0,23,0,43,2523,12,4836,1,0,0,26,46,56,2,25,16067,567,4,0,0,0,2,72,18290,113,76,166,0,174,0,0,0,0,0,0,0,0,0,0,0,0,0,0,0,0,0,0,0,0,0,0,0,0,0,0,0,2,9,0,0,0,0,0,0,0,0,7,0,0,0
ERR1414250,MGYS00001110,0,37,0,66,2187,31,5527,0,0,0,23,109,37,3,30,15077,762,17,0,0,0,3,126,23742,160,74,135,0,164,0,0,0,0,0,0,0,0,0,0,0,0,0,0,0,0,0,0,0,0,0,0,0,0,0,0,0,0,11,0,0,0,0,0,0,0,0,18,0,2,0
ERR1414251,MGYS00001110,0,30,0,30,3599,26,5235,3,0,0,15,103,19,0,36,25949,828,31,0,0,0,0,89,22071,122,113,118,0,84,0,0,0,0,0,0,0,0,0,0,0,0,0,0,0,0,0,0,0,0,0,0,0,0,0,0,0,0,7,0,0,0,0,0,0,0,0,27,0,0,0
ERR1414252,MGYS00001110,0,38,0,42,2178,8,3506,0,0,0,16,93,24,6,18,15417,518,18,0,0,0,0,40,14239,109,56,65,2,73,0,0,0,0,0,0,0,0,0,0,0,0,0,0,0,0,0,0,0,0,0,0,0,0,0,0,0,0,12,0,0,0,0,0,0,0,0,7,0,0,0
ERR1414253,MGYS00001110,0,21,0,36,3390,10,4511,0,0,3,14,74,16,0,14,21820,847,18,0,0,0,0,72,26905,131,203,140,0,107,0,0,0,0,0,0,0,0,0,0,0,0,0,0,0,0,0,0,0,0,0,0,0,0,0,0,0,0,31,0,0,0,0,0,0,0,0,8,0,0,0
ERR1414254,MGYS00001110,0,52,0,20,2937,10,5050,0,0,2,17,52,14,0,5,21097,794,20,0,0,0,1,64,27404,85,243,130,0,49,0,0,0,0,0,0,0,0,0,0,0,0,0,0,0,0,0,0,0,0,0,0,0,0,0,0,0,0,24,0,0,0,0,0,0,0,0,8,0,0,0
ERR1414255,MGYS00001110,0,84,0,114,2316,11,5789,0,0,0,48,14,6,0,15,17597,748,9,0,0,0,0,54,29256,115,84,96,0,103,0,0,0,0,0,0,0,0,0,0,0,0,0,0,0,0,0,0,0,0,0,0,0,0,0,0,0,0,9,0,0,0,0,0,0,0,0,54,0,0,0
ERR1414256,MGYS00001110,0,79,0,26,1836,14,4892,0,0,0,78,54,9,11,6,15822,622,11,0,0,0,7,41,28288,50,115,83,0,48,0,0,0,0,0,0,0,0,0,0,0,0,0,0,0,0,0,0,0,0,0,0,0,0,0,0,0,6,10,0,0,0,0,0,0,0,0,35,0,0,0
ERR1414257,MGYS00001110,0,0,0,57,178,0,564,0,0,36,0,19,149,22,0,352,11,17,0,0,0,1,40,10342,15,39,0,0,107,0,0,0,0,0,0,0,0,0,0,0,0,0,0,0,0,0,0,0,0,0,0,0,0,0,0,0,0,10,0,0,0,0,0,0,0,0,0,0,3,0
ERR1414258,MGYS00001110,0,0,0,24,286,19,1152,0,0,65,1,57,179,89,1,525,0,0,0,0,0,38,46,17757,10,0,17,0,307,0,0,0,0,0,0,0,0,0,0,0,0,0,0,0,0,0,0,0,0,0,0,0,0,0,0,0,0,37,0,0,0,0,0,0,0,0,0,10,0,0
ERR1414259,MGYS00001110,0,11,0,569,1212,69,1258,0,0,11,58,588,100,3,0,800,9,3,0,0,0,184,327,9769,26,3,4,0,528,0,0,0,0,0,0,0,0,0,0,0,0,0,0,0,0,0,0,0,0,0,0,0,0,0,0,0,0,4,0,0,0,0,0,0,0,0,34,0,0,0
ERR1414260,MGYS00001110,0,11,0,588,1275,92,1311,0,0,39,86,526,51,2,2,944,9,11,0,0,0,225,355,8623,55,15,7,0,532,0,0,0,0,0,0,0,0,0,0,0,0,0,0,0,0,0,0,0,0,0,0,0,0,0,0,0,0,0,0,0,0,0,0,0,0,0,1,0,0,0
ERR1414261,MGYS00001110,0,10,0,62,396,6,894,0,0,37,20,66,88,42,6,434,21,11,0,0,0,25,70,18216,15,2,6,0,215,0,0,0,0,0,0,0,0,0,0,0,0,0,0,0,0,0,0,0,0,0,0,0,0,0,0,0,0,7,0,0,0,0,0,0,0,0,0,0,0,0
ERR1414262,MGYS00001110,0,21,0,71,425,9,1186,0,0,39,48,89,109,38,4,464,23,21,0,0,0,10,95,18419,10,4,3,0,236,0,0,0,0,0,0,0,0,0,0,0,0,0,0,0,0,0,0,0,0,0,0,0,0,0,0,0,0,13,0,0,0,0,0,0,0,0,0,0,0,0
ERR1414263,MGYS00001110,0,16,0,442,1097,37,1192,0,0,36,44,458,66,0,0,631,7,57,0,0,0,288,329,7889,49,3,10,0,226,0,0,0,0,0,0,0,0,0,0,0,0,0,0,0,0,0,0,0,0,0,0,0,0,0,0,0,0,3,0,0,0,0,0,0,0,0,1,0,3,0
ERR1414264,MGYS00001110,0,30,0,430,990,37,1315,0,0,17,45,338,64,3,3,647,16,52,0,0,0,297,301,8093,34,2,12,0,270,0,0,0,0,0,0,0,0,0,0,0,0,0,0,0,0,0,0,0,0,0,0,0,0,0,0,0,0,7,0,0,0,0,0,0,0,0,4,0,0,0
ERR1414266,MGYS00001110,0,37,0,148,1237,18,1261,0,0,27,64,251,87,32,12,751,32,24,0,0,0,67,136,10578,25,24,7,0,124,0,0,0,0,0,0,0,0,0,0,0,0,0,0,0,0,0,0,0,0,0,0,0,0,0,0,0,0,7,0,0,0,0,0,0,0,0,69,0,0,0
ERR1414268,MGYS00001110,8,980,0,276,1301,108,13611,40,0,3,137,2678,35,5,18,4295,4,77,0,0,0,162,362,7083,1497,1413,187,79,619,0,0,0,0,0,0,0,0,0,0,0,0,0,0,0,0,0,0,0,0,0,0,0,0,0,0,0,0,74,0,0,0,0,0,0,0,0,4,11,151,0
ERR1414269,MGYS00001110,36,527,0,135,420,43,10221,36,0,5,90,2650,12,4,26,3087,4,42,0,0,0,116,229,3538,1589,1268,484,81,439,0,0,0,0,0,0,0,0,0,0,0,0,0,0,0,0,0,0,0,0,0,0,0,0,0,0,0,0,51,0,0,0,0,0,0,0,0,0,27,62,0
ERR1414270,MGYS00001110,0,33,0,37,905,28,11247,4,0,1,16,64,21,4,20,12755,1077,15,0,0,0,6,72,38262,62,20,70,0,39,0,0,0,0,0,0,0,0,0,0,0,0,0,0,0,0,0,0,0,0,0,0,0,0,0,0,0,0,4,0,0,0,0,0,0,0,0,9,0,1,0
ERR1414272,MGYS00001110,0,28,0,48,1126,20,10111,1,0,0,28,60,22,5,18,14897,1233,22,0,0,0,15,90,36392,82,49,100,0,59,0,0,0,0,0,0,0,0,0,0,0,0,0,0,0,0,0,0,0,0,0,0,0,0,0,0,0,0,4,0,0,0,0,0,0,0,0,3,0,2,0
ERR1414273,MGYS00001110,0,41,0,68,1562,51,19083,3,0,2,28,86,46,11,66,24769,2111,27,0,0,0,7,126,63400,112,56,144,2,79,0,0,0,0,0,0,0,0,0,0,0,0,0,0,0,0,0,0,0,0,0,0,0,0,0,0,0,1,7,0,0,0,0,0,0,0,0,13,0,0,0
ERR1414274,MGYS00001110,0,45,0,3058,2302,86,7852,0,0,19,273,1528,81,57,14,2722,29,135,0,0,0,458,600,27883,371,1,38,0,490,0,0,0,0,0,0,0,0,0,0,0,0,0,0,0,0,0,0,0,0,0,0,0,0,0,0,0,0,0,0,0,0,0,0,0,0,0,4,0,8,0
ERR1414275,MGYS00001110,1,85,0,121,2402,20,13577,1,0,3,46,63,59,6,21,32371,2073,48,0,0,0,24,118,38512,128,105,182,3,92,0,0,0,0,0,0,0,0,0,0,0,0,0,0,0,0,0,0,0,0,0,0,0,0,0,0,0,0,7,0,0,0,0,0,0,0,0,27,0,0,0
ERR1414276,MGYS00001110,0,78,0,87,1063,16,12861,1,0,2,26,55,75,4,24,21680,1702,34,0,0,0,21,78,31369,136,52,128,0,72,0,0,0,0,0,0,0,0,0,0,0,0,0,0,0,0,0,0,0,0,0,0,0,0,0,0,0,0,2,0,0,0,0,0,0,0,1,12,0,0,0
ERR1414277,MGYS00001110,0,75,0,95,1788,20,15084,1,0,2,37,88,55,2,19,28344,2003,39,0,0,0,23,95,37716,152,93,158,2,84,0,0,0,0,0,0,0,0,0,0,0,0,0,0,0,0,0,0,0,0,0,0,0,0,0,0,0,1,2,0,0,0,0,0,0,0,0,16,1,3,0
ERR1414278,MGYS00001110,0,105,0,112,2476,13,13716,3,0,4,40,72,67,11,21,32507,2009,53,0,0,0,13,109,38965,138,87,155,2,85,0,0,0,0,0,0,0,0,0,0,0,0,0,0,0,0,0,0,0,0,0,0,0,0,0,0,0,1,4,0,0,0,0,0,0,0,0,30,0,1,0
